Código,Designação,Stk. Tot,Local,Stk. Loc,P.V.P.,V. Vendas,P.Custo,MG %,SET,OUT,NOV,DEZ,JAN,FEV,MAR,ABR,MAI,JUN,JUL,AGO,SET_2,TUnd
5110119,"Acarbose Farmoz MG, 50 mg x 60 comp...[60]",4.0,42.0,4.0,"6,28","232,36","3,51",40.75,3,3,4,3,4,2,5,2,,2,3,4,2,37.0
5804489,"Aceclofenac Generis MG, 100 mg x 20 comp rev...[20]",2.0,42.0,2.0,"4,06","28,42","1,79",53.27,1,2,1,1,,,1,,,1,,,,7.0
5804687,"Aceclofenac Generis MG, 100 mg x 60 comp rev...[60]",2.0,42.0,2.0,"6,68","120,24","3,29",47.79,1,2,2,1,2,1,,2,2,2,1,1,1,18.0
5829445,"Acetato de eslicarbazepina Pentafarma MG, 800 mg Blister 60 Unidade(s) Comp...[60]",1.0,42.0,1.0,"91,80","550,80","39,70",54.16,,,1,1,,,2,,1,,,,1,6.0
5104377,"Acetilcisteína Liboran MG, 600 mg Recipiente para comprimidos 20 Unidade(s) Comp eferv...[20]",53.0,42.0,53.0,"6,90","255,30","0,78",88.02,,,2,12,,,7,3,4,1,1,6,1,37.0
5899281,"Acetilcisteína Sandoz MG, 600 mg Recipiente para comprimidos 20 Unidade(s) Comp eferv...[20]",0.0,42.0,0.0,"7,30","313,90","2,05",70.23,5,4,4,8,7,4,1,4,2,1,1,2,,43.0
5770714,"Aciclovir Aurovitas MG, 400 mg Blister 25 Unidade(s) Comp...[25]",8.0,42.0,8.0,"9,97","309,07","5,23",44.4,,,,2,5,6,2,2,5,4,3,2,,31.0
2546687,"Aciclovir Ciclum MG, 200 mg Blister 25 Unidade(s) Comp...[25]",0.0,42.0,0.0,"6,68","40,08","5,03",20.18,1,,1,,1,1,2,,,,,,,6.0
3983285,"Aciclovir Ciclum MG, 800 mg Blister 25 Unidade(s) Comp...[25]",1.0,42.0,1.0,"16,77","201,24","11,12",29.71,1,2,2,3,1,,,1,,2,,,,12.0
2546984,"Aciclovir Ciclum MG, 800 mg Blister 35 Unidade(s) Comp...[35]",0.0,42.0,0.0,"21,64","173,12","15,41",24.52,,2,,,2,1,2,1,,,,,,8.0
3368289,"Aciclovir Generis MG, 200 mg Blister 25 Unidade(s) Comp...[25]",8.0,42.0,8.0,"6,68","113,56","3,54",43.83,,,,,,,,2,4,6,3,2,,17.0
5006820,"Aciclovir Generis MG, 800 mg Blister 35 Unidade(s) Comp...[35]",3.0,42.0,3.0,"21,64","21,64","10,82",47.0,,,,,,,,,,1,,,,1.0
5224688,"Aciclovir Livixon MG, 50 mg/g Bisnaga 10 g Cr...[1]",4.0,42.0,4.0,"8,95","107,40","3,71",56.06,3,,,2,,1,,1,2,1,2,,,12.0
5770763,"Ácido Acetilsalicílico Generis MG, 100 mg Blister 60 lsthistvendas.repListaHistoricoVendasLote Unidade(s) Comp GR...[60]",5.0,42.0,5.0,"5,05","75,75","2,71",43.12,1,,1,,1,,3,,2,1,3,3,,15.0
5602453,"Ácido acetilsalicílico Odipe MG, 100 mg Blister 30 Unidade(s) Comp GR...[30]",1.0,42.0,1.0,"4,70","112,80","0,43",90.3,4,1,3,3,1,2,3,2,1,2,2,,,24.0
5896360,"Ácido acetilsalicílico Pharmakern MG, 100 mg Blister 30 Unidade(s) Comp GR...[30]",10.0,42.0,10.0,"3,54","17,70","1,21",63.77,,,,,,,,,,1,3,1,,5.0
3232782,"Ácido Acetilsalicílico Ratiopharm MG, 100 mg Blister 50 Unidade(s) Comp...[50]",4.0,42.0,4.0,"4,37","126,73","2,78",32.57,1,5,,4,2,3,4,,4,4,,2,,29.0
5650510,"Ácido acetilsalicílico toLife MG, 100 mg Blister 60 Unidade(s) Comp GR...[60]",26.0,42.0,26.0,"5,55","444,00","2,23",57.41,7,5,5,6,10,4,5,8,7,9,7,7,,80.0
5124276,"Ácido Alendrónico Farmoz MG, 70 mg x 4 comp rev...[4]",16.0,42.0,16.0,"6,68","647,96","2,03",67.79,7,12,5,6,10,11,6,12,3,9,6,10,,97.0
5566146,"Ácido Ibandrónico Pentafarma MG, 150 mg x 1 comp rev...[1]",13.0,42.0,13.0,"9,24","341,88","2,57",70.52,3,2,,6,3,4,5,4,3,1,3,3,,37.0
5226782,"Ácido Valpróico Generis MG, 300 mg x 60 comp lib prol...[60]",1.0,42.0,1.0,"6,68","13,36","5,03",20.18,,,,1,,,,,,,1,,,2.0
5226881,"Ácido Valpróico Generis MG, 500 mg x 60 comp lib prol...[60]",14.0,42.0,14.0,"9,97","807,57","5,29",43.76,4,1,8,3,7,4,9,7,9,9,9,11,,81.0
5934880,"Ácido Valpróico Ratiopharm MG, 300 mg x 60 comp lib prol...[60]",2.0,42.0,2.0,"6,68","113,56","5,03",20.18,1,,5,2,2,,1,2,1,1,1,1,,17.0
5934989,"Ácido Valpróico Ratiopharm MG, 500 mg x 60 comp lib prol...[60]",0.0,42.0,0.0,"9,97","368,89","7,04",25.15,7,12,5,5,4,3,,,1,,,,,37.0
5885108,"Ácido zoledrónico Seacross MG, 5 mg/100 ml Frasco para injetáveis 100 ml Sol perf...[1]",0.0,42.0,0.0,"132,90","132,90","109,25",12.86,1,,,,,,,,,,,,,1.0
5830146,"Aero-OM antidiarreico Rapid MG, 2 mg Blister 12 Unidade(s) Liofil oral...[12]",0.0,42.0,0.0,"7,95","302,10","4,00",46.67,,,1,6,1,,,,7,4,5,14,,38.0
5757745,"Agomelatina Generis MG, 25 mg x 28 comp rev...[28]",5.0,42.0,5.0,"19,50","448,50","6,80",63.04,,1,1,2,1,3,2,1,4,3,2,3,,23.0
5756762,"Agomelatina Mylan MG, 25 mg x 28 comp rev...[28]",1.0,42.0,1.0,"21,62","43,24","6,21",69.55,,1,,,,,,,,1,,,,2.0
5351937,"Airalam MG, 20/120 mg x 24 comp...[24]",0.0,42.0,0.0,"17,33","17,33","11,62",28.93,,,,,,,,,,,1,,,1.0
5812185,"Alfuzosina Mylan MG, 10 mg x 30 comp lib prol...[30]",0.0,42.0,0.0,"8,63","8,63","3,64",55.29,,,,1,,,,,,,,,,1.0
5364583,"Alfuzosina Sandoz MG, 10 mg x 30 comp lib prol...[30]",25.0,42.0,25.0,"8,85","442,50","2,46",70.54,2,2,6,4,5,4,4,3,8,3,6,3,,50.0
3080785,"Alfuzosina Zentiva MG, 10 mg x 30 comp lib mod...[30]",13.0,42.0,13.0,"8,85","115,05","3,33",60.12,2,3,,,,,,1,1,1,3,2,,13.0
5071634,"Allergodil OD MG, 120 mg Blister 20 Unidade(s) Comp revest pelic...[20]",5.0,42.0,5.0,"11,50","115,00","5,51",49.21,,3,,1,,,,3,1,1,1,,,10.0
2667780,"Alopurinol Ciclum MG, 300 mg Blister 60 Unidade(s) Comp...[60]",6.0,42.0,6.0,"4,22","286,96","2,88",27.66,7,9,5,3,5,8,4,4,6,5,3,8,1,68.0
5762554,"Alopurinol Generis MG, 100 mg Blister 60 Unidade(s) Comp...[60]",11.0,42.0,11.0,"3,43","250,39","1,65",49.01,7,7,7,8,3,3,5,8,6,6,8,4,1,73.0
5762547,"Alopurinol Generis MG, 300 mg Blister 60 Unidade(s) Comp...[60]",11.0,42.0,11.0,"4,10","278,80","2,37",38.73,8,5,2,12,3,7,6,1,6,7,6,5,,68.0
5731112,"Alopurinol Mylan MG, 100 mg Blister 60 Unidade(s) Comp...[60]",3.0,42.0,3.0,"3,25","126,75","1,62",47.16,5,5,6,5,,2,5,3,2,,4,2,,39.0
5823422,"Alprazolam Farmoz MG, 0.25 mg Blister 60 Unidade(s) Comp...[60]",21.0,42.0,21.0,"3,60","280,80","0,96",71.73,8,5,5,9,6,8,8,7,7,4,6,5,,78.0
5823448,"Alprazolam Farmoz MG, 0.5 mg Blister 60 Unidade(s) Comp...[60]",21.0,42.0,21.0,"3,75","577,50","1,01",71.45,8,15,11,10,9,12,12,20,14,14,12,12,5,154.0
5823463,"Alprazolam Farmoz MG, 1 mg Blister 60 Unidade(s) Comp...[60]",15.0,42.0,15.0,"4,88","190,32","1,54",66.55,4,4,2,3,5,7,2,4,2,3,2,,1,39.0
5421987,"Alprazolam Labesfal MG, 1 mg Blister 60 Unidade(s) Comp...[60]",1.0,42.0,1.0,"4,48","4,48","3,58",15.29,1,,,,,,,,,,,,,1.0
9682310,"Alprazolam Pazolam MG, 0.25 mg Blister 60 Unidade(s) Comp...[60]",8.0,42.0,8.0,"3,80","106,40","1,38",61.51,1,2,4,4,4,1,3,5,,1,3,,,28.0
9682328,"Alprazolam Pazolam MG, 0.5 mg Blister 60 Unidade(s) Comp...[60]",11.0,42.0,11.0,"4,60","345,00","1,63",62.44,4,10,4,9,11,10,2,5,5,5,4,5,1,75.0
5816590,"Alprazolam Pazolam MG, 0.5 mg Blister 60 Unidade(s) Comp LM...[60]",3.0,42.0,3.0,"4,30","219,30","1,48",63.52,4,4,7,4,2,3,4,4,3,6,1,5,4,51.0
9682336,"Alprazolam Pazolam MG, 1 mg Blister 60 Unidade(s) Comp...[60]",6.0,42.0,6.0,"5,40","178,20","2,08",59.17,4,2,2,2,3,2,3,4,3,3,3,1,1,33.0
5816699,"Alprazolam Pazolam MG, 1 mg Blister 60 Unidade(s) Comp LM...[60]",7.0,42.0,7.0,"5,94","291,06","2,27",59.49,1,5,4,5,3,4,5,3,5,5,3,5,1,49.0
4182887,"Alprazolam Ratiopharm MG, 0.25 mg Blister 60 Unidade(s) Comp...[60]",1.0,42.0,1.0,"4,28","21,40","2,93",27.43,1,1,,,1,,1,,,,,1,,5.0
4183786,"Alprazolam Ratiopharm MG, 0.5 mg Blister 60 Unidade(s) Comp...[60]",1.0,42.0,1.0,"5,19","88,23","3,72",24.02,1,4,3,1,1,2,1,1,,3,,,,17.0
5837489,"Alprazolam Sandoz MG, 0.25 mg Blister 60 Unidade(s) Comp...[60]",3.0,42.0,3.0,"4,02","60,30","1,52",59.92,2,1,1,2,2,1,1,,1,2,,2,,15.0
5837588,"Alprazolam Sandoz MG, 0.5 mg Blister 60 Unidade(s) Comp...[60]",8.0,42.0,8.0,"4,47","75,99","1,75",58.5,,2,2,,,,3,1,,3,4,2,,17.0
5837687,"Alprazolam Sandoz MG, 1 mg Blister 60 Unidade(s) Comp...[60]",5.0,42.0,5.0,"6,05","151,25","2,47",56.72,3,3,2,3,4,,2,2,2,1,,2,1,25.0
2584084,"Alprazolam toLIfe MG, 0.25 mg Blister 60 Unidade(s) Comp...[60]",10.0,42.0,10.0,"4,28","102,72","2,49",38.33,6,2,3,1,3,1,1,1,1,,5,,,24.0
2584282,"Alprazolam toLife MG, 0.5 mg Blister 60 Unidade(s) Comp...[60]",8.0,42.0,8.0,"4,29","175,89","2,53",37.49,5,3,7,1,5,4,5,2,2,2,2,3,,41.0
2584480,"Alprazolam toLife MG, 1 mg Blister 60 Unidade(s) Comp...[60]",6.0,42.0,6.0,"6,05","151,25","4,02",29.57,5,2,4,,3,1,1,2,,2,3,2,,25.0
5446380,"Alprazolam toLife MG, 1 mg Blister 60 Unidade(s) Comp LM...[60]",4.0,42.0,4.0,"5,94","5,94","3,84",31.47,1,,,,,,,,,,,,,1.0
4185799,"Ambroxol Farmoz MG, 30 mg x 20 comp...[20]",11.0,42.0,11.0,"3,70","44,40","0,96",72.5,1,3,2,2,,1,,1,,1,1,,,12.0
4466397,"Ambroxol Farmoz MG, 6 mg/mL- 200 mL x 1 xar medida...[1]",16.0,42.0,16.0,"7,88","47,28","1,89",74.58,,1,,3,1,,,,1,,,,,6.0
5404082,"Ambroxol Generis MG, 3 mg/ml Frasco 200 ml Xar...[1]",0.0,42.0,0.0,"6,35","6,35","3,67",38.74,,,,,,,,,,,,1,,1.0
5394507,"Ambroxol Tussilene MG, 6 mg/mL-200 mL x 1 xar medida...[1]",4.0,42.0,4.0,"9,95","208,95","3,00",68.04,,5,2,10,3,1,,,,,,,,21.0
5719646,"Amelye MG, 2 mg + 0.03 mg Blister 84 Unidade(s) Comp revest pelic...[84]",2.0,42.0,2.0,"9,82","127,66","6,91",25.41,,3,1,4,1,1,,,2,1,,,,13.0
5719653,"Amelye MG, 2/0,03 mg x 168 comp rev...[168]",1.0,42.0,1.0,"19,45","77,80","13,49",26.48,,,,,,1,,3,,,,,,4.0
5719638,"Amelye MG, 2/0,03 mg x 28 comp rev...[28]",1.0,42.0,1.0,"4,79","23,95","3,38",25.2,3,,,,,,,,,,1,1,,5.0
2663581,"Amiloride/Hidroclorotiazida Ratiopharm MG, 5 mg + 50 mg Blister 60 Unidade(s) Comp...[60]",4.0,42.0,4.0,"5,03","176,05","3,58",24.56,2,1,6,2,3,1,2,1,5,4,3,4,1,35.0
5273081,"Amiodarona Generis MG, 200 mg x 60 comp...[60]",9.0,42.0,9.0,"6,68","207,08","4,29",31.93,1,2,,2,,1,4,2,3,3,7,6,,31.0
2511582,"Amiodarona Mylan MG, 200 mg Blister 60 Unidade(s) Comp...[60]",3.0,42.0,3.0,"6,68","207,08","5,03",20.18,4,2,3,3,4,4,2,1,3,3,1,,1,31.0
5718622,"Amissulprida Aurovitas MG, 50 mg x 60 comp...[60]",8.0,42.0,8.0,"9,97","259,22","4,94",47.48,3,1,2,2,1,2,2,2,1,3,5,2,,26.0
5727029,"Amlodipina + Olmesartan medoxomilo Sandoz MG, 5 mg + 20 mg Blister 56 Unidade(s) Comp revest pelic...[56]",8.0,42.0,8.0,"16,17","598,29","4,30",71.81,3,2,4,1,4,1,3,4,3,4,4,4,,37.0
5673843,"Amlodipina + Valsartan Aurovitas MG, 5/160 mg x 56 comp rev...[56]",0.0,42.0,0.0,"14,10","14,10","4,55",65.79,,,,,,,,,,1,,,,1.0
5680632,"Amlodipina + Valsartan TAD MG, 5 mg + 160 mg Blister 56 Unidade(s) Comp revest pelic...[56]",1.0,42.0,1.0,"17,22","344,40","4,87",70.02,,1,1,2,,3,1,1,3,2,4,1,1,20.0
5680624,"Amlodipina + Valsartan TAD MG, 5 mg + 80 mg Blister 56 Unidade(s) Comp revest pelic...[56]",5.0,42.0,5.0,"13,05","221,85","3,79",69.22,1,1,,,2,2,2,2,1,2,3,1,,17.0
4017083,"Amlodipina Alter MG, 10 mg Blister 60 Unidade(s) Comp...[60]",2.0,42.0,2.0,"6,60","178,20","4,95",20.5,4,2,4,1,3,1,3,1,2,1,3,2,,27.0
5695804,"Amlodipina Aurovitas MG, 5 mg Blister 60 Unidade(s) Comp...[60]",8.0,42.0,8.0,"4,42","79,56","1,23",70.5,,,1,,2,1,2,3,2,2,5,,,18.0
5004593,"Amlodipina Azevedos MG, 10 mg Blister 30 Unidade(s) Comp...[30]",1.0,42.0,1.0,"5,70","11,40","4,17",22.45,,,,,,,1,,,1,,,,2.0
5684790,"Amlodipina Farmoz MG, 5 mg Blister 60 Unidade(s) Comp...[60]",0.0,42.0,0.0,"4,41","4,41","3,08",25.97,,1,,,,,,,,,,,,1.0
5535885,"Amlodipina Generis MG, 10 mg Blister 60 Unidade(s) Comp...[60]",2.0,42.0,2.0,"6,68","40,08","3,54",43.83,1,,1,,1,,,1,,1,,1,,6.0
5254412,"Amlodipina Krka MG, 10 mg Blister 60 Unidade(s) Comp...[60]",2.0,42.0,2.0,"10,81","64,86","3,00",70.58,1,2,,,,,1,,1,,1,,,6.0
5254370,"Amlodipina Krka MG, 5 mg Blister 60 Unidade(s) Comp...[60]",5.0,42.0,5.0,"5,36","182,24","1,61",68.16,,2,4,2,6,4,4,2,3,4,,3,,34.0
5302914,"Amlodipina Mylan MG, 10 mg Blister 60 Unidade(s) Comp...[60]",1.0,42.0,1.0,"11,30","67,80","3,06",71.3,1,,1,,1,,1,,1,,1,,,6.0
5302872,"Amlodipina Mylan MG, 5 mg Blister 60 Unidade(s) Comp...[60]",0.0,42.0,0.0,"6,68","13,36","5,39",14.47,,,,1,,,,,,1,,,,2.0
5000138,"Amlodipina Sandoz MG, 10 mg Blister 60 Unidade(s) Comp...[60]",18.0,42.0,18.0,"11,30","553,70","3,10",70.92,1,,4,2,5,3,5,5,4,5,11,4,,49.0
5999883,"Amlodipina Sandoz MG, 5 mg Blister 60 Unidade(s) Comp...[60]",8.0,42.0,8.0,"6,67","1.840,92","2,07",67.1,21,25,21,18,28,16,20,30,23,24,23,26,1,276.0
5004098,"Amlodipina toLife 10 mg Comprimidos MG, 10 mg Blister 60 Unidade(s) Comp...[60]",4.0,42.0,4.0,"6,68","126,92","2,99",52.55,3,,4,1,1,1,2,,3,1,2,1,,19.0
5003793,"Amlodipina toLife 5 mg Comprimidos MG, 5 mg Blister 60 Unidade(s) Comp...[60]",24.0,42.0,24.0,"6,68","661,32","2,84",54.93,6,9,13,6,11,11,10,1,9,9,9,4,1,99.0
5747357,"Amlodipina/Olmesartan medoxomilo Alter MG, 5 mg + 20 mg Blister 56 Unidade(s) Comp revest pelic...[56]",1.0,42.0,1.0,"14,10","84,60","10,05",24.45,,1,,1,,1,,,1,1,,,1,6.0
5722657,"Amlodipina/Olmesartan medoxomilo Krka MG, 5 mg + 20 mg Blister 56 Unidade(s) Comp revest pelic...[56]",4.0,42.0,4.0,"17,93","412,39","5,05",70.15,3,2,,2,2,1,2,2,1,2,3,2,1,23.0
5747811,"Amlodipina/Olmesartan medoxomilo Mylan MG, 5 mg + 20 mg Blister 56 Unidade(s) Comp revest pelic...[56]",1.0,42.0,1.0,"16,17","97,02","4,27",72.01,,1,,1,1,,2,,,,,1,,6.0
5809413,"Amlodipina/Olmesartan medoxomilo/Hidroclorotiazida Alter MG, 5 mg + 20 mg + 12.5 mg Blister 56 Unidade(s) Comp revest pelic...[56]",1.0,42.0,1.0,"16,70","16,70","11,06",29.8,,,,,,,,,,,1,,,1.0
5821418,"Amlodipina/Olmesartan medoxomilo/Hidroclorotiazida Generis MG, 5 mg + 20 mg + 12.5 mg Blister 56 Unidade(s) Comp revest pelic...[56]",3.0,42.0,3.0,"14,10","98,70","5,45",59.03,,,,,,,,1,1,1,2,2,,7.0
5802616,"Amlodipina/Olmesartan medoxomilo/Hidroclorotiazida ratiopharm MG, 5 mg + 20 mg + 12.5 mg Blister 56 Unidade(s) Comp revest pelic...[56]",0.0,42.0,0.0,"14,10","112,80","10,05",24.45,1,1,1,1,1,1,1,1,,,,,,8.0
5813936,"Amlodipina/Valsartan/Hidroclor Krka MG, 5 mg + 160 mg + 12.5 mg Blister 28 Unidade(s) Comp revest pelic...[28]",1.0,42.0,1.0,"9,39","9,39","4,26",51.91,,,,,,,,,,,,1,,1.0
5670971,"Amorolfina Linospro MG, 50 mg/ml Frasco 5 ml Verniz unh medic...[1]",0.0,42.0,0.0,"20,95","83,80","8,06",59.22,,,,,,,,,,2,2,,,4.0
5679030,"Amorolfina Zentiva MG, 50 mg/mL-5 mL x 1 verniz...[1]",12.0,42.0,12.0,"20,25","648,00","6,93",63.72,3,4,2,,1,,4,1,7,3,5,2,,32.0
5733704,"Amoxicilina Aurobindo MG, 1000 mg Blister 16 Unidade(s) Comp disp...[16]",1.0,42.0,1.0,"4,06","28,42","1,66",56.66,,1,,1,,,,,1,2,1,1,,7.0
5733670,"Amoxicilina Aurobindo MG, 500 mg Blister 16 Unidade(s) Comp disp...[16]",3.0,42.0,3.0,"2,53","32,89","1,33",44.28,,1,4,,2,,,,2,1,1,2,,13.0
5819016,"Amoxicilina Generis MG, 1000 mg Blister 16 Unidade(s) Comp revest pelic...[16]",3.0,42.0,3.0,"4,28","72,76","2,35",41.8,2,,,1,4,1,,2,1,1,3,,2,17.0
5022280,"Amoxicilina Sandoz MG, 250 mg/5 ml Frasco 100 ml Po susp oral...[1]",1.0,42.0,1.0,"2,85","11,40","1,59",40.86,1,1,,1,,,1,,,,,,,4.0
5022488,"Amoxicilina Sandoz MG, 500 mg/5 ml Frasco 100 ml Po susp oral...[1]",4.0,42.0,4.0,"4,20","79,80","2,20",44.48,,,3,3,1,1,2,1,5,,2,,1,19.0
5730601,"Amoxicilina/Ácido Clavulânico Generis MG, 875 mg + 125 mg Blister 16 Unidade(s) Comp revest pelic...[16]",0.0,42.0,0.0,"6,61","277,62","2,09",66.48,5,4,1,10,7,4,3,8,,,,,,42.0
2563187,"Amoxicilina/Ácido clavulânico Sandoz MG, 250 mg/5 ml + 62.5 mg/5 ml Frasco 100 ml Po susp oral...[1]",1.0,42.0,1.0,"4,69","51,59","2,51",43.27,,2,2,,1,1,,,,2,1,2,,11.0
2562684,"Amoxicilina/Ácido clavulânico Sandoz MG, 500 mg + 125 mg Blister 16 Unidade(s) Comp revest pelic...[16]",22.0,42.0,22.0,"4,28","291,04","1,81",55.17,11,6,8,6,3,2,9,3,3,8,5,4,,68.0
3633385,"Amoxicilina/Ácido clavulânico Sandoz MG, 875 mg + 125 mg Blister 16 Unidade(s) Comp revest...[16]",86.0,42.0,86.0,"6,61","2.789,42","1,53",75.46,32,33,31,29,44,29,33,50,45,45,22,25,4,422.0
5712310,"Amoxicilina/Ácido clavulânico toLife MG, 875 mg + 125 mg Blister 16 Unidade(s) Comp revest pelic...[16]",0.0,42.0,0.0,"5,08","111,76","0,00",100.0,,,2,,,4,16,,,,,,,22.0
5065644,"Anastrozol Farmoz MG, 1 mg x 30 comp rev...[30]",0.0,42.0,0.0,"34,36","34,36","26,05",19.64,,,1,,,,,,,,,,,1.0
5755244,"Anette MG, 0.015 mg/24 h + 0.12 mg/24 h Saqueta 3 Unidade(s) Sist lib vag...[3]",1.0,42.0,1.0,"25,40","152,40","18,73",21.84,,1,1,1,,1,,1,,1,,,,6.0
5282124,"Aranka MG, 3 mg + 0.03 mg Blister 21 Unidade(s) Comp revest pelic...[21]",2.0,42.0,2.0,"4,41","13,23","2,54",38.95,1,1,,,,1,,,,,,,,3.0
5282132,"Aranka MG, 3 mg + 0.03 mg Blister 63 Unidade(s) Comp revest pelic...[63]",6.0,42.0,6.0,"9,16","229,00","6,03",30.22,4,4,,,1,2,2,3,1,1,6,,1,25.0
5370127,"Arankelle MG, 3 mg + 0.02 mg Blister 21 Unidade(s) Comp revest pelic...[21]",0.0,42.0,0.0,"5,21","20,84","3,12",36.52,,3,,,,,,,,1,,,,4.0
5370135,"Arankelle MG, 3 mg + 0.02 mg Blister 63 Unidade(s) Comp revest pelic...[63]",4.0,42.0,4.0,"11,97","418,95","6,83",39.52,2,5,3,2,2,4,2,3,1,2,5,4,,35.0
5635370,"Aripiprazol Alter MG, 10 mg x 28 comp orodisp...[28]",0.0,42.0,0.0,"18,53","18,53","12,67",27.52,,,,,,,,,1,,,,,1.0
5635305,"Aripiprazol Alter MG, 5 mg x 28 comp...[28]",1.0,42.0,1.0,"17,00","204,00","11,32",29.42,2,1,,2,1,2,,2,,2,,,,12.0
5760814,"Aripiprazol Aurovitas MG, 1 mg/mL-150 mL x 1 sol oral frasco...[1]",0.0,42.0,0.0,"12,36","12,36","8,53",26.85,,,,,,,,,,,,1,,1.0
5659768,"Aripiprazol Aurovitas MG, 10 mg x 28 comp...[28]",6.0,42.0,6.0,"20,87","354,79","5,21",73.54,,,1,1,2,,1,1,2,3,2,4,,17.0
5659727,"Aripiprazol Aurovitas MG, 5 mg x 28 comp...[28]",3.0,42.0,3.0,"12,91","38,73","5,43",55.42,,,1,,2,,,,,,,,,3.0
5632450,"Aripiprazol Farmoz MG, 1 mg/mL x 1 sol oral frasco...[1]",0.0,42.0,0.0,"26,22","26,22","11,71",52.66,,1,,,,,,,,,,,,1.0
5631239,"Aripiprazol Krka MG, 10 mg x 28 comp...[28]",7.0,42.0,7.0,"23,13","647,64","6,85",68.61,2,1,1,4,4,1,4,2,2,2,4,1,,28.0
5631346,"Aripiprazol Krka MG, 15 mg x 28 comp...[28]",5.0,42.0,5.0,"25,00","575,00","7,02",70.24,4,2,1,1,2,3,1,2,,2,2,3,,23.0
5632740,"Aripiprazol Tolife MG, 10 mg x 28 comp...[28]",5.0,42.0,5.0,"23,13","370,08","11,71",46.34,2,2,4,1,,1,,1,1,1,2,1,,16.0
5632724,"Aripiprazol Tolife MG, 15 mg x 28 comp...[28]",3.0,42.0,3.0,"23,75","166,25","12,12",45.91,,2,,1,,,,,,,4,,,7.0
5647649,"Aripiprazol Vitória MG, 5 mg Blister 28 Unidade(s) Comp...[28]",1.0,42.0,1.0,"17,00","85,00","5,13",68.01,1,1,1,1,,,,,,,,1,,5.0
5790555,"Aripiprazol Zentiva MG, 5 mg Blister 28 Unidade(s) Comp...[28]",9.0,42.0,9.0,"12,27","478,53","4,25",63.28,6,,2,4,1,5,6,7,1,3,2,2,,39.0
5791181,"Atenolol Sandoz MG, 100 mg x 60 comp rev...[60]",3.0,42.0,3.0,"6,53","6,53","2,53",58.93,,,,,,1,,,,,,,,1.0
5791082,"Atenolol Sandoz MG, 50 mg x 60 comp rev...[60]",14.0,42.0,14.0,"4,50","148,50","1,59",62.55,1,2,2,1,2,4,3,4,2,2,7,3,,33.0
5728712,"Atomoxetina ratiopharm MG, 10 mg x 7 cáps...[7]",0.0,42.0,0.0,"11,89","11,89","8,11",27.7,,,,,,,,,,1,,,,1.0
5728829,"Atomoxetina ratiopharm MG, 60 mg x 28 cáps...[28]",0.0,42.0,0.0,"43,19","43,19","31,26",23.28,,,,,,,,,,,,1,,1.0
5877675,"Atorvastatina + Ezetimiba Sandoz Farmacêutica MG, 10 mg + 10 mg Blister 30 Unidade(s) Comp revest pelic...[30]",21.0,42.0,21.0,"16,36","147,24","5,11",66.89,,,,,,,,,1,4,,4,,9.0
5877733,"Atorvastatina + Ezetimiba Sandoz Farmacêutica MG, 40 mg + 10 mg Blister 30 Unidade(s) Comp revest pelic...[30]",12.0,42.0,12.0,"22,22","288,86","9,38",55.25,,,,,,,,,,,,6,7,13.0
5806948,"Atorvastatina Aurobindo MG, 10 mg Blister 56 Unidade(s) Comp revest pelic...[56]",5.0,42.0,5.0,"3,99","127,68","0,95",74.76,2,4,2,2,3,2,4,2,,4,1,5,1,32.0
5806963,"Atorvastatina Aurobindo MG, 40 mg Blister 28 Unidade(s) Comp revest pelic...[28]",4.0,42.0,4.0,"4,70","51,70","1,17",73.61,,,,,,,,,,4,3,3,1,11.0
5783949,"Atorvastatina Aurovitas MG, 10 mg Blister 50 Unidade(s) Comp revest pelic...[50]",6.0,42.0,6.0,"6,57","65,70","1,74",71.93,,,,,1,,1,,,4,2,2,,10.0
5783956,"Atorvastatina Aurovitas MG, 20 mg Blister 28 Unidade(s) Comp revest pelic...[28]",8.0,42.0,8.0,"6,68","213,76","1,78",71.75,2,2,1,2,1,4,5,4,3,2,4,2,,32.0
5260542,"Atorvastatina Azevedos MG, 10 mg Blister 56 Unidade(s) Comp revest pelic...[56]",0.0,42.0,0.0,"4,17","20,85","1,20",69.5,,1,,,1,1,,,2,,,,,5.0
5260559,"Atorvastatina Azevedos MG, 20 mg Blister 28 Unidade(s) Comp revest pelic...[28]",8.0,42.0,8.0,"3,97","389,06","2,58",31.11,4,7,4,2,3,9,5,10,9,10,17,12,6,98.0
5260575,"Atorvastatina Azevedos MG, 40 mg Blister 28 Unidade(s) Comp revest pelic...[28]",5.0,42.0,5.0,"4,96","367,04","1,49",68.16,11,8,6,6,9,7,5,7,4,3,4,4,,74.0
5678776,"Atorvastatina Ciclum MG, 20 mg Blister 28 Unidade(s) Comp revest pelic...[28]",3.0,42.0,3.0,"4,84","266,20","3,44",24.66,7,2,5,6,6,4,9,3,4,2,6,1,,55.0
5069422,"Atorvastatina Farmoz MG, 10 mg Blister 56 Unidade(s) Comp revest pelic...[56]",24.0,42.0,24.0,"6,62","708,34","2,04",67.34,12,6,14,5,16,4,7,8,11,6,6,10,2,107.0
5069463,"Atorvastatina Farmoz MG, 20 mg Blister 28 Unidade(s) Comp revest pelic...[28]",45.0,42.0,45.0,"6,68","1.830,32","2,03",67.79,29,17,24,27,34,26,11,25,27,19,13,17,5,274.0
5069539,"Atorvastatina Farmoz MG, 40 mg Blister 28 Unidade(s) Comp revest pelic...[28]",25.0,42.0,25.0,"6,68","1.823,64","2,06",67.31,23,24,14,18,27,23,27,18,24,24,20,30,1,273.0
5800115,"Atorvastatina Generis Phar MG, 20 mg Blister 28 Unidade(s) Comp revest pelic...[28]",4.0,42.0,4.0,"9,25","129,50","2,59",70.32,,,,,,2,1,3,3,3,1,1,,14.0
5261615,"Atorvastatina Krka MG, 10 mg Blister 56 Unidade(s) Comp revest pelic...[56]",62.0,42.0,62.0,"9,32","2.749,40","2,32",73.61,34,27,24,29,28,17,28,27,24,21,17,15,4,295.0
5261656,"Atorvastatina Krka MG, 20 mg Blister 28 Unidade(s) Comp revest pelic...[28]",89.0,42.0,89.0,"8,30","6.034,10","2,02",74.2,77,65,69,63,64,55,58,53,56,51,52,52,12,727.0
5261722,"Atorvastatina Krka MG, 40 mg Blister 28 Unidade(s) Comp revest pelic...[28]",60.0,42.0,60.0,"11,63","3.942,57","2,89",73.66,36,31,27,29,32,25,25,30,26,25,22,27,4,339.0
5900105,"Atorvastatina Mylan MG, 10 mg Blister 56 Unidade(s) Comp revest pelic...[56]",1.0,42.0,1.0,"6,08","30,40","1,81",68.44,,,,,,1,,,1,2,1,,,5.0
5434857,"Atorvastatina Mylan MG, 10 mg Frasco 56 Unidade(s) Comp revest pelic...[56]",0.0,42.0,0.0,"6,08","24,32","1,81",68.44,1,,1,,1,1,,,,,,,,4.0
5434923,"Atorvastatina Mylan MG, 40 mg Frasco 28 Unidade(s) Comp revest pelic...[28]",0.0,42.0,0.0,"6,68","20,04","2,04",67.63,3,,,,,,,,,,,,,3.0
5069224,"Atorvastatina Ocram MG, 20 mg Blister 28 Unidade(s) Comp revest pelic...[28]",11.0,42.0,11.0,"9,25","638,25","2,88",67.0,4,5,7,7,7,2,9,4,6,3,7,5,3,69.0
5069273,"Atorvastatina Ocram MG, 40 mg Blister 28 Unidade(s) Comp revest pelic...[28]",5.0,42.0,5.0,"9,97","199,40","3,19",66.08,2,1,4,1,1,1,1,2,1,1,3,2,,20.0
5808860,"Atorvastatina Pharmakern MG, 20 mg Blister 56 Unidade(s) Comp revest pelic...[56]",17.0,42.0,17.0,"23,53","3.270,67","10,28",53.69,11,18,10,14,11,10,9,14,8,8,14,9,3,139.0
5416664,"Atorvastatina Ratiopharm MG, 20 mg Blister 28 Unidade(s) Comp revest pelic...[28]",0.0,42.0,0.0,"9,25","18,50","6,40",26.66,,1,1,,,,,,,,,,,2.0
5313275,"Atorvastatina Sandoz MG, 10 mg Blister 56 Unidade(s) Comp revest pelic...[56]",21.0,42.0,21.0,"6,68","835,00","2,07",67.15,,9,15,11,13,10,10,6,12,9,20,8,2,125.0
5313309,"Atorvastatina Sandoz MG, 20 mg Blister 28 Unidade(s) Comp revest pelic...[28]",17.0,42.0,17.0,"6,68","2.077,48","1,69",73.18,29,24,25,38,30,16,17,31,16,26,22,31,6,311.0
5313325,"Atorvastatina Sandoz MG, 40 mg Blister 28 Unidade(s) Comp revest pelic...[28]",12.0,42.0,12.0,"9,97","1.236,28","2,89",69.27,5,8,6,8,9,7,7,11,12,20,15,16,,124.0
5061064,"Atorvastatina Tecnigen MG, 10 mg Blister 56 Unidade(s) Comp revest pelic...[56]",21.0,42.0,21.0,"5,00","490,00","1,59",66.29,10,11,5,8,7,13,5,9,10,7,7,5,1,98.0
5061106,"Atorvastatina Tecnigen MG, 20 mg Blister 28 Unidade(s) Comp revest pelic...[28]",51.0,42.0,51.0,"5,51","1.917,48","1,81",65.18,28,28,29,24,34,27,20,33,32,33,33,25,2,348.0
5061130,"Atorvastatina Tecnigen MG, 40 mg Blister 28 Unidade(s) Comp revest pelic...[28]",32.0,42.0,32.0,"5,78","1.196,46","1,91",64.97,18,10,8,20,13,20,19,19,20,23,18,17,2,207.0
5060769,"Atorvastatina Tetrafarma MG, 10 mg Blister 56 Unidade(s) Comp revest pelic...[56]",3.0,42.0,3.0,"7,75","108,50","5,33",27.1,1,1,,,1,2,2,,1,,1,2,3,14.0
5060801,"Atorvastatina Tetrafarma MG, 20 mg Blister 28 Unidade(s) Comp revest pelic...[28]",1.0,42.0,1.0,"6,34","38,04","4,73",20.92,1,,1,,3,,,1,,,,,,6.0
5317037,"Atorvastatina Teva MG, 10 mg Blister 56 Unidade(s) Comp revest pelic...[56]",0.0,42.0,0.0,"5,00","10,00","3,56",24.53,1,1,,,,,,,,,,,,2.0
5317052,"Atorvastatina Teva MG, 20 mg Blister 28 Unidade(s) Comp revest pelic...[28]",0.0,42.0,0.0,"5,51","27,55","4,00",23.05,3,1,1,,,,,,,,,,,5.0
5317102,"Atorvastatina Teva MG, 40 mg Blister 28 Unidade(s) Comp revest pelic...[28]",0.0,42.0,0.0,"5,77","11,54","4,23",22.29,2,,,,,,,,,,,,,2.0
5863311,"Atorvastatina Tolife MG, 10 mg Blister em dose unitária 56 Unidade(s) Comp revest pelic...[56]",17.0,42.0,17.0,"6,68","561,12","2,53",59.85,5,5,9,4,7,11,5,10,1,9,7,10,1,84.0
5863329,"Atorvastatina Tolife MG, 20 mg Blister em dose unitária 28 Unidade(s) Comp revest pelic...[28]",28.0,42.0,28.0,"6,68","1.088,84","2,48",60.65,5,7,15,14,17,11,18,13,23,10,19,9,2,163.0
5863337,"Atorvastatina Tolife MG, 40 mg Blister em dose unitária 28 Unidade(s) Comp revest pelic...[28]",20.0,42.0,20.0,"6,68","861,72","2,52",60.01,10,13,9,12,12,7,12,9,11,12,9,12,1,129.0
5863345,"Atorvastatina Tolife MG, 80 mg Blister em dose unitária 28 Unidade(s) Comp revest pelic...[28]",6.0,42.0,6.0,"8,69","182,49","3,56",56.58,3,,2,,1,2,3,3,2,3,2,,,21.0
5129622,"Atorvastatina Upjohn MG, 20 mg Blister 56 Unidade(s) Comp revest pelic...[56]",2.0,42.0,2.0,"23,53","352,95","8,59",61.3,2,,3,2,,,1,,1,1,2,,3,15.0
5642863,"Atorvastatina Zentiva MG, 10 mg Blister 56 Unidade(s) Comp revest pelic...[56]",11.0,42.0,11.0,"5,00","110,00","1,90",59.72,1,1,2,2,1,2,,2,3,2,4,2,,22.0
5642848,"Atorvastatina Zentiva MG, 20 mg Blister 28 Unidade(s) Comp revest pelic...[28]",32.0,42.0,32.0,"5,70","689,70","2,10",60.95,13,12,9,12,7,9,13,6,11,5,16,8,,121.0
5642830,"Atorvastatina Zentiva MG, 40 mg Blister 28 Unidade(s) Comp revest pelic...[28]",16.0,42.0,16.0,"5,78","369,92","2,51",53.97,8,3,6,6,6,7,8,2,4,5,3,6,,64.0
5642822,"Atorvastatina Zentiva MG, 80 mg Blister 28 Unidade(s) Comp revest pelic...[28]",31.0,42.0,31.0,"9,97","1.405,77","3,19",66.08,14,15,8,8,14,13,10,14,13,11,9,12,,141.0
5877931,"Atorvastatina/Ezetimiba Alter MG, 40 mg + 10 mg Blister 30 Unidade(s) Comp revest pelic...[30]",0.0,42.0,0.0,"23,35","23,35","16,92",23.19,,,,,,,,,,1,,,,1.0
5892609,"Atorvastatina/Ezetimiba Krka MG, 20 mg + 10 mg Blister 30 Unidade(s) Comp revest pelic...[30]",0.0,42.0,0.0,"16,06","16,06","5,28",65.15,,,,,,,,,,,1,,,1.0
5892617,"Atorvastatina/Ezetimiba Krka MG, 40 mg + 10 mg Blister 30 Unidade(s) Comp revest pelic...[30]",0.0,42.0,0.0,"21,10","21,10","7,51",62.27,,,,,,,,,,,1,,,1.0
5877717,"Atorvastatina/Ezetimiba Sandoz Farmacêutica MG, 20 mg + 10 mg Blister 30 Unidade(s) Comp revest pelic...[30]",16.0,42.0,16.0,"16,91","980,78","5,71",64.21,,,,,,3,8,6,11,11,7,11,1,58.0
5317474,"Azalia MG, 75 mcg x 28 comp rev...[28]",4.0,42.0,4.0,"4,04","92,92","2,30",39.65,1,2,1,2,1,2,3,2,3,3,1,2,,23.0
5317508,"Azalia MG, 75 mcg x 84 comp rev...[84]",7.0,42.0,7.0,"9,97","1.096,70","6,56",30.25,5,6,7,10,16,10,11,10,10,9,9,7,,110.0
4048880,"Azitromicina Generis MG, 500 mg Blister 3 Unidade(s) Comp revest...[3]",14.0,42.0,14.0,"5,38","312,04","1,20",76.36,,,2,,4,,4,,12,9,12,13,2,58.0
5394267,"Azitromicina Krka MG, 500 mg Blister 2 Unidade(s) Comp revest pelic...[2]",2.0,42.0,2.0,"4,04","24,24","1,13",70.35,,,,1,2,,,1,,2,,,,6.0
5394242,"Azitromicina Krka MG, 500 mg Blister 3 Unidade(s) Comp revest pelic...[3]",2.0,42.0,2.0,"4,04","145,44","1,15",69.83,6,3,5,3,6,,6,,4,,1,2,,36.0
3441292,"Azitromicina Pentafarma MG, 500 mg Blister 3 Unidade(s) Comp revest...[3]",1.0,42.0,1.0,"5,25","309,75","1,36",72.54,2,5,2,17,25,2,4,2,,,,,,59.0
4145983,"Azitromicina Pharmakern MG, 500 mg Blister 3 Unidade(s) Comp revest...[3]",0.0,42.0,0.0,"5,38","161,40","1,17",76.95,,,,,1,3,20,6,,,,,,30.0
5615984,"Azitromicina Sandoz MG, 500 mg Blister 3 Unidade(s) Comp revest pelic...[3]",55.0,42.0,55.0,"5,38","1.995,98","1,37",73.01,26,29,18,57,71,32,20,51,23,21,8,15,,371.0
5646146,"Baclofeno Generis MG, 25 mg x 60 comp...[60]",12.0,42.0,12.0,"9,97","309,07","7,04",25.15,,2,,,,1,2,,5,8,6,7,,31.0
5657648,"Beta-histina Farmoz MG, 24 mg Blister 60 Unidade(s) Comp...[60]",16.0,42.0,16.0,"5,15","473,80","1,86",61.72,8,10,4,12,4,9,5,9,7,5,8,9,2,92.0
5736137,"Beta-Histina Generis MG, 16 mg Blister 60 Unidade(s) Comp...[60]",1.0,42.0,1.0,"4,92","9,84","2,80",39.67,,,1,,,,,,,,1,,,2.0
5736335,"Beta-Histina Generis MG, 24 mg Blister 60 Unidade(s) Comp...[60]",5.0,42.0,5.0,"6,59","204,29","3,97",36.14,5,1,4,2,1,,2,1,4,4,4,2,1,31.0
5653100,"Beta-histina Pentafarma MG, 16 mg Blister 60 Unidade(s) Comp...[60]",6.0,42.0,6.0,"3,79","136,44","1,49",58.33,3,4,1,5,3,3,4,1,3,3,2,2,2,36.0
5653258,"Beta-histina Pentafarma MG, 24 mg Blister 60 Unidade(s) Comp...[60]",30.0,42.0,30.0,"5,84","986,96","1,95",64.61,21,15,18,14,14,10,10,11,12,17,10,16,1,169.0
5390729,"Beta-histina Zentiva MG, 24 mg Blister 60 Unidade(s) Comp...[60]",7.0,42.0,7.0,"6,15","516,60","2,13",63.29,7,12,7,5,9,7,9,7,7,3,6,4,1,84.0
5648571,"Betametasona + Ácido fusídico Mylan MG, 1/20 mg/g-15 g x 1 creme bisnaga...[1]",1.0,42.0,1.0,"3,78","3,78","1,99",44.2,,,,,,,1,,,,,,,1.0
5719315,"Betamox ES MG, 600 mg/5 ml + 42.9 mg/5 ml Frasco 100 ml Po susp oral...[1]",5.0,42.0,5.0,"9,00","405,00","3,68",56.66,,3,9,9,4,2,3,4,8,,,3,,45.0
5934294,"Betamox MG, 250 mg/5 ml + 62.5 mg/5 ml Frasco 120 ml Po susp oral...[1]",2.0,42.0,2.0,"6,40","12,80","4,78",20.83,,,,1,1,,,,,,,,,2.0
5694203,"Bglau MG, 0,7 mg/0,35 mL x 60 sol col unidose...[60]",8.0,42.0,8.0,"19,27","423,94","12,09",33.5,2,1,,,2,2,3,3,3,2,2,2,,22.0
5106059,"Bglau MG, 2 mg/mL-5 mL x 1 sol col...[1]",12.0,42.0,12.0,"6,67","200,10","4,48",28.8,2,2,1,3,4,2,4,,3,4,3,2,,30.0
5201454,"Bglau MG, 2 mg/mL-5 mL x 3 sol col...[3]",8.0,42.0,8.0,"19,95","359,10","12,30",34.65,1,2,1,1,2,3,,2,1,2,2,1,,18.0
5920210,"Bilastina Allerzin MG, 20 mg Blister 20 Unidade(s) Comp...[20]",35.0,42.0,35.0,"11,85","1.149,45","3,64",67.44,,,,,,,,,37,21,17,21,1,97.0
5823810,"Bilastina Farmoz MG, 20 mg Blister 20 Unidade(s) Comp...[20]",26.0,42.0,26.0,"5,49","1.432,89","1,65",68.14,30,23,16,23,32,11,24,25,25,22,14,16,,261.0
5843958,"Bilastina Generis MG, 20 mg Blister 20 Unidade(s) Comp...[20]",2.0,42.0,2.0,"4,45","84,55","1,86",55.69,,2,,2,,2,3,,,4,5,1,,19.0
5816525,"Bilastina Pharmakern MG, 20 mg Blister 20 Unidade(s) Comp...[20]",20.0,42.0,20.0,"6,42","385,20","1,44",76.22,,,,,1,2,5,13,7,6,12,12,2,60.0
5820774,"Bilastina Tolife MG, 20 mg Blister 20 Unidade(s) Comp...[20]",5.0,42.0,5.0,"5,79","266,34","1,92",64.85,5,5,5,6,4,3,5,1,,5,2,5,,46.0
5898903,"Bisoprolol Aquizent MG, 2.5 mg Blister 30 Unidade(s) Comp...[30]",0.0,42.0,0.0,"2,29","22,90","0,60",72.23,,,,1,1,2,2,2,2,,,,,10.0
5341672,"Bisoprolol Aurobindo MG, 2.5 mg Blister 60 Unidade(s) Comp revest pelic...[60]",18.0,42.0,18.0,"5,66","582,98","2,90",45.69,7,6,7,12,12,7,7,9,5,11,8,12,,103.0
5201819,"Bisoprolol Ciclum MG, 5 mg Blister 56 Unidade(s) Comp revest pelic...[56]",0.0,42.0,0.0,"4,14","8,28","2,81",28.05,,,,,,,,,,,,1,1,2.0
5742457,"Bisoprolol Generis MG, 5 mg Blister 30 Unidade(s) Comp revest pelic...[30]",2.0,42.0,2.0,"2,20","8,80","0,89",57.12,1,1,,1,,,,1,,,,,,4.0
5290598,"Bisoprolol Jaba 5 mg Comprimidos revestidos MG, 5 mg Blister 56 Unidade(s) Comp revest...[56]",1.0,42.0,1.0,"4,24","16,96","2,58",35.5,1,,,1,,,1,,,,1,,,4.0
5586946,"Bisoprolol Krka MG, 10 mg Blister 28 Unidade(s) Comp revest pelic...[28]",5.0,42.0,5.0,"3,15","56,70","1,26",57.6,1,1,1,2,,1,1,5,3,1,2,,,18.0
5602446,"Bisoprolol Krka MG, 2.5 mg Blister 30 Unidade(s) Comp revest pelic...[30]",31.0,42.0,31.0,"2,67","686,19","0,99",60.7,21,19,29,20,15,21,21,17,18,22,29,25,,257.0
5587076,"Bisoprolol Krka MG, 5 mg Blister 28 Unidade(s) Comp revest pelic...[28]",25.0,42.0,25.0,"2,13","434,52","0,69",65.66,19,19,14,11,28,11,15,27,9,19,12,20,,204.0
5352414,"Bisoprolol Mylan MG, 5 mg Blister 56 Unidade(s) Comp revest pelic...[56]",3.0,42.0,3.0,"4,24","161,12","1,95",51.25,1,3,4,5,2,4,4,5,4,,4,1,1,38.0
5113881,"Bisoprolol Sandoz MG, 10 mg Blister 56 Unidade(s) Comp revest pelic...[56]",6.0,42.0,6.0,"9,06","217,44","2,51",70.63,1,3,8,2,1,4,2,,1,1,,1,,24.0
5065487,"Bisoprolol Sandoz MG, 5 mg Blister 56 Unidade(s) Comp revest pelic...[56]",10.0,42.0,10.0,"5,58","2.388,24","1,66",68.47,35,39,42,36,33,34,31,30,33,34,44,34,3,428.0
5725379,"Bisoprolol toLife MG, 2.5 mg Blister 60 Unidade(s) Comp...[60]",6.0,42.0,6.0,"5,07","162,24","2,54",46.9,2,4,1,2,5,4,2,5,1,3,2,1,,32.0
5725445,"Bisoprolol toLife MG, 5 mg Blister 60 Unidade(s) Comp...[60]",10.0,42.0,10.0,"3,45","124,20","1,54",52.68,2,1,2,3,3,4,2,2,4,5,3,5,,36.0
5819115,"Bisoprolol Zentiva MG, 1.25 mg Blister 60 Unidade(s) Comp...[60]",14.0,42.0,14.0,"2,57","53,97","1,44",40.61,1,2,1,1,1,1,,1,1,6,1,5,,21.0
5817069,"Bisoprolol Zentiva MG, 2.5 mg Blister 60 Unidade(s) Comp...[60]",51.0,42.0,51.0,"5,07","892,32","1,75",63.41,11,13,13,19,10,20,11,8,18,9,21,21,2,176.0
5848163,"Blatan MG, 6 mg/0.4 mg Blister 30 Unidade(s) Comp LM...[30]",0.0,42.0,0.0,"8,99","116,87","6,17",27.25,3,,2,,2,2,1,1,2,,,,,13.0
5797568,"Blaxi MG, 10 mg Blister 30 Unidade(s) Comp revest pelic...[30]",2.0,42.0,2.0,"12,27","453,99","8,45",27.0,2,1,4,5,4,3,2,5,3,2,1,5,,37.0
5797527,"Blaxi MG, 5 mg Blister 30 Unidade(s) Comp revest pelic...[30]",2.0,42.0,2.0,"6,58","190,82","5,30",14.62,2,,,2,4,2,4,4,2,3,3,3,,29.0
2300796,"Bromocriptina Generis MG, 2.5 mg x 30 comp...[30]",2.0,42.0,2.0,"4,67","42,03","3,27",25.78,,2,1,3,,,1,,,,1,1,,9.0
5787619,"Brufenon MG, 200 mg + 500 mg Blister 20 Unidade(s) Comp revest pelic...[20]",1.0,42.0,1.0,"8,95","125,30","6,13",27.4,2,1,,2,1,2,1,,1,1,2,1,,14.0
5115480,"Budesonida Budiair MG, 200 µg/dose Recipiente pressurizado 200 dose Sol press inal...[1]",1.0,42.0,1.0,"18,96","37,92","13,05",27.04,,,,,1,,,1,,,,,,2.0
5052816,"Budesonida Farmoz MG, 200 µg/dose Inalador 200 dose Po inal...[1]",1.0,42.0,1.0,"16,33","97,98","8,42",45.34,,1,,,3,,,,1,,,,1,6.0
5052832,"Budesonida Farmoz MG, 400 µg/dose Inalador 100 dose Po inal...[1]",4.0,42.0,4.0,"14,07","84,42","8,42",36.57,,,,2,1,1,1,,,,1,,,6.0
5758404,"Buprenorfina + Naloxona Generis MG, 8/2 mg x 28 comp sl...[28]",3.0,42.0,3.0,"34,82","487,48","22,65",31.05,1,,,1,1,1,2,2,,2,1,3,,14.0
5138276,"Buprenorfina Azevedos MG, 8 mg x 7 comp sl...[7]",1.0,42.0,1.0,"11,66","23,32","7,12",35.27,,,,,,,,,2,,,,,2.0
5681127,"Buprenorfina Ciclum MG, 52.5 µg/h 5 Saqueta Adesivo transder...[5]",1.0,42.0,1.0,"21,94","131,64","15,68",24.24,,,,,,2,,,2,,1,1,,6.0
5758362,"Buprenorfina/Naloxona Generis MG, 8 mg + 2 mg Blister 7 Unidade(s) Comp SL...[7]",8.0,42.0,8.0,"9,97","329,01","7,04",25.15,3,1,1,2,2,3,10,4,,6,,1,,33.0
5750336,"Bupropiom Generis MG, 150 mg Blister 30 Unidade(s) Comp LM...[30]",27.0,42.0,27.0,"9,97","1.415,74","4,24",54.92,8,9,17,8,8,12,15,9,12,8,13,22,1,142.0
5750310,"Bupropiom Generis MG, 300 mg Blister 30 Unidade(s) Comp LM...[30]",9.0,42.0,9.0,"18,11","1.376,36","7,41",56.63,9,6,9,5,5,4,12,6,3,6,5,6,,76.0
5784350,"Bupropiom ratiopharm MG, 150 mg Frasco 30 Unidade(s) Comp LM...[30]",2.0,42.0,2.0,"9,97","99,70","7,04",25.15,,,1,1,2,1,,2,,1,2,,,10.0
5838933,"Bupropiom Zentiva MG, 300 mg Blister 30 Unidade(s) Comp LM...[30]",0.0,42.0,0.0,"16,34","81,70","6,47",58.03,3,2,,,,,,,,,,,,5.0
5809959,"Butilescopolamina Conforpam MG, 10 mg Blister 20 Unidade(s) Comp revest...[20]",4.0,42.0,4.0,"5,55","105,45","1,65",68.49,2,1,1,,2,1,1,3,4,1,1,2,,19.0
5447669,"Candesartan Krka MG, 16 mg Blister 56 Unidade(s) Comp...[56]",8.0,42.0,8.0,"16,65","382,95","4,58",70.84,3,1,1,1,4,2,1,2,2,1,,5,,23.0
5447727,"Candesartan Krka MG, 32 mg Blister 56 Unidade(s) Comp...[56]",3.0,42.0,3.0,"20,86","166,88","6,14",68.8,1,,1,2,,,1,1,,2,,,,8.0
5447552,"Candesartan Krka MG, 4 mg Blister 28 Unidade(s) Comp...[28]",3.0,42.0,3.0,"5,57","94,69","1,69",67.84,1,1,3,2,,2,1,2,,2,1,1,1,17.0
5447610,"Candesartan Krka MG, 8 mg Blister 28 Unidade(s) Comp...[28]",3.0,42.0,3.0,"5,96","77,48","2,04",63.72,,2,1,1,1,2,1,1,1,2,,1,,13.0
5239173,"Candesartan Sandoz MG, 16 mg Blister 56 Unidade(s) Comp...[56]",7.0,42.0,7.0,"13,98","279,60","4,54",65.58,2,4,,1,3,1,1,2,2,1,1,2,,20.0
5228630,"Candesartan Sandoz MG, 32 mg Blister 56 Unidade(s) Comp...[56]",3.0,42.0,3.0,"17,95","323,10","5,33",68.52,1,2,,6,1,1,,1,2,,1,3,,18.0
5239140,"Candesartan Sandoz MG, 8 mg Blister 28 Unidade(s) Comp...[28]",13.0,42.0,13.0,"6,48","149,04","2,00",67.28,1,,,2,3,,1,5,2,1,2,4,2,23.0
5404520,"Candesartan Zentiva MG, 16 mg Blister 56 Unidade(s) Comp...[56]",11.0,42.0,11.0,"9,94","258,44","3,43",63.42,4,,2,1,3,,3,2,3,4,2,2,,26.0
5404561,"Candesartan Zentiva MG, 32 mg Blister 56 Unidade(s) Comp...[56]",0.0,42.0,0.0,"9,74","9,74","3,42",62.78,,,,,,,,,,1,,,,1.0
5370028,"Candesartan/Hidroclorotiazida Krka MG, 32 mg + 25 mg Blister 56 Unidade(s) Comp...[56]",5.0,42.0,5.0,"19,20","864,00","5,48",69.75,4,3,5,4,3,3,4,4,5,1,4,3,2,45.0
5401948,"Candesartan/Hidroclorotiazida Sandoz MG, 16 mg + 12.5 mg Blister 28 Unidade(s) Comp...[28]",6.0,42.0,6.0,"5,32","122,36","1,57",68.72,1,3,2,4,3,3,2,,2,,3,,,23.0
5553045,"Candesartan/Hidroclorotiazida Sandoz MG, 32 mg + 25 mg Blister 56 Unidade(s) Comp...[56]",2.0,42.0,2.0,"21,29","127,74","6,09",69.68,,,,,1,,,1,1,1,,2,,6.0
5408232,"Candesartan/Hidroclorotiazida Zentiva MG, 16 mg + 12.5 mg Blister 56 Unidade(s) Comp...[56]",11.0,42.0,11.0,"6,68","227,12","2,54",59.69,3,3,4,2,3,2,,8,2,3,1,3,,34.0
5408208,"Candesartan/Hidroclorotiazida Zentiva MG, 8 mg + 12.5 mg Blister 56 Unidade(s) Comp...[56]",5.0,42.0,5.0,"16,11","209,43","10,54",30.65,2,2,,1,1,,2,2,1,,1,1,,13.0
4068193,"Captopril Farmoz MG, 25 mg x 20 comp...[20]",3.0,42.0,3.0,"4,28","64,20","1,77",56.16,1,2,3,1,4,1,,,1,,1,1,,15.0
5683693,"Captopril Farmoz MG, 25 mg x 60 comp...[60]",2.0,42.0,2.0,"5,48","71,24","2,00",61.31,1,1,2,3,,1,,2,,1,1,1,,13.0
5182910,"Carplexil MG, 10 mg/g Bisnaga 30 g Cr...[1]",1.0,42.0,1.0,"5,15","82,40","3,05",37.22,1,2,2,1,1,1,1,1,2,1,2,1,,16.0
5649603,"Carvedilol Aurovitas MG, 25 mg Blister 56 Unidade(s) Comp revest pelic...[56]",2.0,42.0,2.0,"6,68","20,04","2,54",59.69,,,,1,,,,,1,,,1,,3.0
5089982,"Carvedilol Ciclum MG, 25 mg Blister 56 Unidade(s) Comp...[56]",1.0,42.0,1.0,"8,74","61,18","5,95",27.84,,1,1,,1,,1,,1,1,,1,,7.0
5423397,"Carvedilol Coronat MG, 25 mg Blister 60 Unidade(s) Comp...[60]",9.0,42.0,9.0,"11,95","561,65","4,11",63.54,5,3,4,3,6,6,3,3,5,3,3,3,,47.0
3418597,"Carvedilol Coronat MG, 6.25 mg Blister 60 Unidade(s) Comp...[60]",13.0,42.0,13.0,"6,21","888,03","2,32",60.4,13,17,8,14,11,6,9,15,13,11,13,13,,143.0
3417292,"Carvedilol Farmoz MG, 6.25 mg Blister 60 Unidade(s) Comp...[60]",1.0,42.0,1.0,"5,67","102,06","2,08",61.11,2,2,,2,,1,,2,2,1,2,4,,18.0
4829289,"Carvedilol Krka MG, 6.25 mg Blister 56 Unidade(s) Comp...[56]",0.0,42.0,0.0,"5,81","40,67","1,80",67.16,2,1,,1,,1,,,,1,1,,,7.0
4407086,"Carvedilol Sandoz MG, 25 mg Blister 56 Unidade(s) Comp...[56]",9.0,42.0,9.0,"11,33","793,10","3,07",71.28,12,4,2,10,4,2,5,6,5,4,6,6,4,70.0
4403689,"Carvedilol Sandoz MG, 6.25 mg Blister 56 Unidade(s) Comp...[56]",8.0,42.0,8.0,"6,30","554,40","1,89",68.2,5,9,9,6,8,6,7,9,9,2,8,10,,88.0
2675692,"Ceftriaxona Labesfal 500 mg Pó e Solvente para Solução Injectável (IM) MG, 500 mg/2 ml Frasco para injetáveis 2 ml Po+solv sol inj...[1]",6.0,42.0,6.0,"3,84","84,48","2,42",33.2,,,,,7,,,4,4,5,,2,,22.0
5726369,"Cêgrifen MG, 200 mg + 30 mg Blister 24 Unidade(s) Comp revest pelic...[24]",77.0,42.0,77.0,"10,75","129,00","5,32",47.54,2,,1,3,3,1,1,,,,,1,,12.0
5586979,"Celecoxib Krka MG, 100 mg x 20 cáps...[20]",2.0,42.0,2.0,"3,58","17,90","1,51",55.29,1,,,,,2,1,,,,1,,,5.0
5587019,"Celecoxib Krka MG, 100 mg x 60 cáps...[60]",2.0,42.0,2.0,"9,97","39,88","4,59",51.2,,,,1,1,,1,,1,,,,,4.0
5587126,"Celecoxib Krka MG, 200 mg Blister 20 Unidade(s) Caps...[20]",2.0,42.0,2.0,"6,16","36,96","2,98",48.72,,2,2,,1,,,,1,,,,,6.0
5587142,"Celecoxib Krka MG, 200 mg Blister 60 Unidade(s) Caps...[60]",5.0,42.0,5.0,"17,22","309,96","7,50",53.83,,,2,,4,2,3,2,3,,2,,,18.0
5386982,"Cetirizina Sandoz MG, 10 mg Blister 20 Unidade(s) Comp revest pelic...[20]",172.0,42.0,172.0,"6,70","1.594,60","0,97",84.65,22,21,17,23,18,13,25,20,17,18,24,18,2,238.0
5066659,"Cetoconazol Folicalm MG, 20 mg/g Frasco 120 ml Champô...[1]",2.0,42.0,2.0,"14,95","149,50","6,24",55.76,,,,,,,,3,1,2,1,1,2,10.0
5341995,"Ciclosporina Generis MG, 100 mg x 50 cáps mole...[50]",1.0,42.0,1.0,"51,27","51,27","38,44",20.53,,,,,,,,,,,1,,,1.0
5341698,"Ciclosporina Generis MG, 50 mg x 30 cáps mole...[30]",2.0,42.0,2.0,"17,33","17,33","11,62",28.93,1,,,,,,,,,,,,,1.0
5341797,"Ciclosporina Generis MG, 50 mg x 50 cáps mole...[50]",2.0,42.0,2.0,"32,97","296,73","22,20",28.63,2,1,2,,,1,,1,,1,1,,,9.0
4877783,"Ciclosporina Teva MG, 100 mg x 50 cáps mole...[50]",1.0,42.0,1.0,"51,27","256,35","38,43",20.55,,,,,,1,,,1,,,3,,5.0
4877486,"Ciclosporina Teva MG, 25 mg x 50 cáps mole...[50]",1.0,42.0,1.0,"16,97","152,73","11,29",29.48,,,1,,1,1,2,,1,1,,1,1,9.0
5170451,"Cilazapril/Hidroclorotiazida Generis MG, 5 mg + 12.5 mg Blister 56 Unidade(s) Comp revest pelic...[56]",5.0,42.0,5.0,"14,03","462,99","10,00",24.45,4,6,3,,3,3,1,2,4,2,1,3,1,33.0
5666771,"Cilostazol Ferrer MG, 100 mg x 56 comp...[56]",7.0,42.0,7.0,"9,97","398,80","7,17",23.77,4,3,4,4,2,4,3,6,1,2,4,3,,40.0
3203783,"Ciprofloxacina Alter MG, 500 mg x 16 comp rev...[16]",0.0,42.0,0.0,"10,87","10,87","7,65",25.4,,1,,,,,,,,,,,,1.0
5679006,"Ciprofloxacina Aurovitas MG, 500 mg x 16 comp rev...[16]",5.0,42.0,5.0,"11,36","147,68","2,75",74.34,2,,,,,,,,,1,7,2,1,13.0
4340899,"Ciprofloxacina Generis MG, 500 mg x 16 comp rev...[16]",3.0,42.0,3.0,"11,36","102,24","3,85",64.08,,2,,,2,,1,,1,2,,1,,9.0
5252564,"Ciprofloxacina Krka MG, 250 mg Blister 16 Unidade(s) Comp revest pelic...[16]",0.0,42.0,0.0,"8,76","8,76","4,20",49.18,1,,,,,,,,,,,,,1.0
5252531,"Ciprofloxacina Krka MG, 250 mg Blister 8 Unidade(s) Comp revest pelic...[8]",1.0,42.0,1.0,"4,55","22,75","2,09",51.31,,,,,,,1,1,1,1,,,1,5.0
5252630,"Ciprofloxacina Krka MG, 500 mg x 16 comp rev...[16]",1.0,42.0,1.0,"11,08","77,56","4,82",53.89,1,1,,,1,1,2,,,,,1,,7.0
5252606,"Ciprofloxacina Krka MG, 500 mg x 8 comp rev...[8]",1.0,42.0,1.0,"5,41","5,41","2,56",49.84,,1,,,,,,,,,,,,1.0
5252705,"Ciprofloxacina Krka MG, 750 mg Blister 16 Unidade(s) Comp revest pelic...[16]",0.0,42.0,0.0,"16,55","49,65","7,13",54.33,1,,,1,,,,,,,1,,,3.0
9746115,"Ciprofloxacina Pentafarma MG, 500 mg x 16 comp rev...[16]",9.0,42.0,9.0,"11,36","68,16","3,45",67.81,,,1,,,,1,1,3,,,,,6.0
4880696,"Ciprofloxacina Pharmakern MG, 500 mg x 16 comp rev...[16]",0.0,42.0,0.0,"11,36","90,88","2,87",73.22,,,,,,4,4,,,,,,,8.0
5021860,"Ciprofloxacina Sandoz MG, 250 mg x 16 comp rev...[16]",5.0,42.0,5.0,"9,46","132,44","2,68",69.97,1,3,,,,1,2,,3,2,,2,,14.0
5834486,"Ciprofloxacina Sandoz MG, 500 mg x 16 comp rev...[16]",11.0,42.0,11.0,"11,36","772,48","3,10",71.07,2,9,8,3,8,1,3,9,10,6,3,6,,68.0
5021878,"Ciprofloxacina Sandoz MG, 750 mg x 16 comp rev...[16]",4.0,42.0,4.0,"16,55","728,20","4,48",71.31,1,4,2,3,4,2,3,6,1,6,3,6,3,44.0
5406582,"Ciproterona Generis MG, 100 mg x 30 comp...[30]",5.0,42.0,5.0,"21,85","218,50","15,61",24.27,2,,,1,2,3,,2,,,,,,10.0
5078589,"Ciproterona/Etinilestradiol Generis MG, 2 mg + 0.035 mg Blister 63 Unidade(s) Comp revest...[63]",1.0,42.0,1.0,"6,20","6,20","4,37",25.29,,,,,,,,,,1,,,,1.0
5449590,"Citalopram Genedec MG, 10 mg x 60 comp rev...[60]",1.0,42.0,1.0,"4,66","74,56","3,26",25.85,3,,1,1,2,1,1,1,1,2,1,2,,16.0
5449897,"Citalopram Genedec MG, 20 mg x 60 comp rev...[60]",1.0,42.0,1.0,"9,35","37,40","6,50",26.31,,,2,,1,,,,,,,1,,4.0
5450093,"Citalopram Genedec MG, 40 mg x 30 comp rev...[30]",2.0,42.0,2.0,"9,08","227,00","6,25",27.04,2,4,1,2,1,2,6,1,2,1,2,1,,25.0
5725312,"Citalopram Generis MG, 10 mg Blister 56 Unidade(s) Comp revest pelic...[56]",1.0,42.0,1.0,"4,67","18,68","2,46",44.16,,,,,1,,1,1,,,1,,,4.0
5725627,"Citalopram Generis MG, 20 mg Blister 56 Unidade(s) Comp revest pelic...[56]",0.0,42.0,0.0,"6,68","13,36","3,78",40.02,,,,,,,,,,,1,,1,2.0
5657747,"Citicolina Mylan MG, 1000 mg/10 mL x 10 sol oral dil...[10]",2.0,42.0,2.0,"12,10","302,50","8,30",27.29,7,,,4,,,,7,,1,2,,4,25.0
5347166,"Clarissa MG, 2/0,03 mg x 21 comp rev...[21]",1.0,42.0,1.0,"4,02","20,10","2,70",28.81,1,1,,1,1,1,,,,,,,,5.0
5347174,"Clarissa MG, 2/0,03 mg x 63 comp rev...[63]",8.0,42.0,8.0,"10,95","350,40","7,36",28.75,,3,4,5,3,2,,3,7,1,1,3,,32.0
5659024,"Claritromicina Generis MG, 500 mg Blister 16 Unidade(s) Comp revest pelic...[16]",8.0,42.0,8.0,"9,97","239,28","3,89",58.64,2,,2,5,7,,1,5,2,,,,,24.0
5892781,"Claritromicina Pharmakern MG, 500 mg x 16 comp rev...[16]",2.0,42.0,2.0,"9,97","9,97","4,69",50.14,,,,,,,,1,,,,,,1.0
5493788,"Claritromicina Sandoz MG, 500 mg x 16 comp rev...[16]",0.0,42.0,0.0,"9,97","29,91","3,68",60.87,,,,,,,,,,,,3,,3.0
5223151,"Clopidogrel Adapes MG, 75 mg Blister 28 Unidade(s) Comp revest pelic...[28]",12.0,42.0,12.0,"8,88","550,56","2,74",67.29,7,4,6,7,4,4,3,5,4,7,8,3,,62.0
5193636,"Clopidogrel Farmoz MG, 75 mg Blister 28 Unidade(s) Comp revest pelic...[28]",1.0,42.0,1.0,"9,97","129,61","3,19",66.08,,1,2,1,1,1,1,1,3,,1,1,,13.0
5267414,"Clopidogrel Kaissan MG, 75 mg Blister 28 Unidade(s) Comp revest pelic...[28]",6.0,42.0,6.0,"9,97","29,91","4,03",57.15,,,,,,,1,,2,,,,,3.0
5207717,"Clopidogrel Krival MG, 75 mg Blister 28 Unidade(s) Comp revest pelic...[28]",7.0,42.0,7.0,"4,79","263,45","2,20",51.32,3,5,4,3,6,3,7,4,2,6,4,7,1,55.0
5238324,"Clopidogrel Krka MG, 75 mg Blister 28 Unidade(s) Comp revest pelic...[28]",31.0,42.0,31.0,"8,94","1.886,34","2,54",69.88,20,13,21,20,22,16,16,19,14,19,11,20,,211.0
5727656,"Clopidogrel Labesfal MG, 75 mg Blister 28 Unidade(s) Comp revest pelic...[28]",4.0,42.0,4.0,"5,68","56,80","1,47",72.57,,,,,,2,3,2,,2,1,,,10.0
5269873,"Clopidogrel Refta MG, 75 mg Blister 28 Unidade(s) Comp revest pelic...[28]",0.0,42.0,0.0,"9,97","29,91","7,04",25.15,,2,,,,,,,,,,1,,3.0
5207550,"Clopidogrel Sandoz MG, 75 mg Blister 28 Unidade(s) Comp revest pelic...[28]",0.0,42.0,0.0,"9,97","159,52","4,03",57.15,2,4,2,4,,3,1,,,,,,,16.0
5269832,"Clopidogrel Tecnigen MG, 75 mg Blister 28 Unidade(s) Comp revest pelic...[28]",19.0,42.0,19.0,"5,69","813,67","2,50",53.43,19,6,15,12,7,13,9,15,10,10,11,14,2,143.0
5194311,"Clopidogrel toLife MG, 75 mg Blister 28 Unidade(s) Comp revest pelic...[28]",3.0,42.0,3.0,"9,97","558,32","3,88",58.75,3,3,8,2,4,5,5,6,4,6,3,6,1,56.0
5843032,"Cloreto de Tróspio Farmoz MG, 20 mg Blister 60 Unidade(s) Comp revest pelic...[60]",9.0,42.0,9.0,"9,30","232,50","3,88",55.78,,,1,3,1,2,3,5,3,2,3,1,1,25.0
5228549,"Cloreto de tróspio Generis MG, 20 mg x 60 comp rev...[60]",6.0,42.0,6.0,"9,97","398,80","6,34",32.59,7,5,4,3,1,2,5,2,2,3,4,2,,40.0
5566005,"Clotrimazol Bluepharma MG, 10 mg/g Bisnaga 20 g Cr...[1]",0.0,42.0,0.0,"4,40","4,40","1,35",67.48,,,,,,,1,,,,,,,1.0
5565973,"Clotrimazol Generis MG, 10 mg/g Bisnaga 50 g Cr vag...[1]",2.0,42.0,2.0,"7,50","105,00","3,51",50.39,2,1,2,1,3,1,1,,1,2,,,,14.0
5745831,"Clozapina Generis MG, 100 mg Blister 60 Unidade(s) Comp...[60]",5.0,42.0,5.0,"19,06","247,78","9,23",48.67,,,1,1,,1,,1,1,2,2,3,1,13.0
5688411,"Clozapina Mylan MG, 100 mg x 60 comp...[60]",0.0,42.0,0.0,"13,43","13,43","10,38",18.07,1,,,,,,,,,,,,,1.0
2663680,"Cotrimoxazol Ratiopharm MG, 800/160 mg x 20 comp...[20]",15.0,42.0,15.0,"4,27","623,42","2,92",27.51,10,8,9,10,13,15,12,15,15,10,13,14,2,146.0
5875521,"Cuitvar MG, 1 mg Blister em dose unitária 28 Unidade(s) Comp revest pelic...[28]",0.0,42.0,0.0,"21,78","65,34","15,54",24.37,,,,,,,,,,1,1,1,,3.0
5875547,"Cuitvar MG, 1 mg Blister em dose unitária 56 Unidade(s) Comp revest pelic...[56]",0.0,42.0,0.0,"41,18","82,36","29,48",24.12,,,,,,2,,,,,,,,2.0
5862719,"Dabigatrano etexilato Sandoz MG, 150 mg Blister 60 Unidade(s) Caps...[60]",0.0,42.0,0.0,"23,16","23,16","13,43",38.53,,,,,,,,,,,,1,,1.0
5821202,"Dabigatrano etexilato Tolife MG, 110 mg Blister 60 Unidade(s) Caps...[60]",6.0,42.0,6.0,"35,66","499,24","14,79",56.04,2,1,1,,1,3,,1,1,3,1,,,14.0
5855614,"Dabigatrano Farmoz MG, 110 mg Blister 60 Unidade(s) Caps...[60]",3.0,42.0,3.0,"23,63","519,86","7,37",66.94,3,1,1,3,1,2,3,2,1,2,1,2,,22.0
5919766,"Dalzior MG, 10 mg Blister 28 Unidade(s) Comp revest pelic...[28]",92.0,42.0,92.0,"18,33","1.393,08","13,00",24.82,,,,,,,,,,,,70,6,76.0
5370176,"Daylette MG, 3 mg + 0.02 mg Blister 84 Unidade(s) Comp revest pelic...[84]",3.0,42.0,3.0,"9,97","159,52","6,19",34.19,2,,1,1,1,,3,2,2,,2,2,,16.0
5043351,"Deflazacorte Acizan MG, 30 mg Blister 20 Unidade(s) Comp...[20]",5.0,42.0,5.0,"14,10","155,10","6,05",54.52,3,1,1,1,,,1,3,1,,,,,11.0
5043336,"Deflazacorte Acizan MG, 6 mg Blister 20 Unidade(s) Comp...[20]",3.0,42.0,3.0,"4,65","55,80","1,96",55.32,2,1,,3,1,,,2,,1,2,,,12.0
5043252,"Deflazacorte Farmoz MG, 30 mg Blister 20 Unidade(s) Comp...[20]",10.0,42.0,10.0,"14,10","775,50","6,05",54.52,3,5,4,5,7,3,4,8,3,4,5,4,,55.0
5043245,"Deflazacorte Farmoz MG, 6 mg Blister 60 Unidade(s) Comp...[60]",8.0,42.0,8.0,"11,23","280,75","4,53",57.24,,,1,1,,1,3,4,4,5,3,1,2,25.0
5158563,"Deflazacorte toLife MG, 6 mg Blister 60 Unidade(s) Comp...[60]",3.0,42.0,3.0,"11,23","78,61","4,84",54.32,2,,,1,1,1,,,2,,,,,7.0
5279203,"Denille MG, 2/0,03 mg x 126 comp rev...[126]",1.0,42.0,1.0,"22,90","68,70","16,53",23.49,,,1,,,,,,,,2,,,3.0
5279161,"Denille MG, 2/0,03 mg x 21 comp rev...[21]",2.0,42.0,2.0,"5,26","5,26","3,78",23.83,,,,1,,,,,,,,,,1.0
5279179,"Denille MG, 2/0,03 mg x 63 comp rev...[63]",6.0,42.0,6.0,"12,06","808,02","8,35",26.61,6,6,7,5,6,4,6,6,6,5,5,5,,67.0
5742440,"Descontran MG, 500 mg + 2 mg Blister 30 Unidade(s) Comp...[30]",4.0,42.0,4.0,"7,72","378,28","4,44",39.04,3,8,4,3,3,2,3,6,3,3,2,8,1,49.0
5742432,"Descontran MG, 500/2 mg x 60 comp...[60]",9.0,42.0,9.0,"13,43","792,37","7,46",41.12,4,7,4,2,7,7,4,6,4,2,6,5,1,59.0
5711700,"Desloratadina Aurovitas MG, 5 mg Blister 20 Unidade(s) Comp revest pelic...[20]",5.0,42.0,5.0,"2,31","18,48","0,61",72.01,,,1,,,,,1,1,4,1,,,8.0
5646328,"Desloratadina Farmoz MG, 0.5 mg/ml Frasco 150 ml Sol oral...[1]",9.0,42.0,9.0,"5,36","219,76","1,90",62.43,5,6,5,5,6,2,,6,1,,2,3,,41.0
5451075,"Desloratadina Farmoz MG, 5 mg Blister 20 Unidade(s) Comp revest pelic...[20]",10.0,42.0,10.0,"3,20","70,40","1,20",60.25,1,2,5,1,1,1,,3,6,2,,,,22.0
5472907,"Desloratadina Generis MG, 2.5 mg Blister 30 Unidade(s) Comp orodisp...[30]",2.0,42.0,2.0,"9,97","49,85","3,54",62.36,1,,1,,,,2,,1,,,,,5.0
5472915,"Desloratadina Generis MG, 5 mg Blister 20 Unidade(s) Comp orodisp...[20]",9.0,42.0,9.0,"5,36","21,44","2,14",57.68,,,,1,,1,,1,,,,1,,4.0
5723176,"Desloratadina Generis MG, 5 mg Blister 20 Unidade(s) Comp revest pelic...[20]",4.0,42.0,4.0,"4,35","47,85","1,41",65.64,,,1,,1,1,,,3,4,1,,,11.0
5399233,"Desloratadina Krka MG, 5 mg Blister 20 Unidade(s) Comp revest pelic...[20]",4.0,42.0,4.0,"4,35","91,35","1,25",69.54,3,4,1,3,2,,3,2,1,,1,1,,21.0
5461363,"Desloratadina Sandoz MG, 5 mg Blister 20 Unidade(s) Comp revest pelic...[20]",5.0,42.0,5.0,"2,97","41,58","0,91",67.52,,,2,3,,,,3,1,3,1,1,,14.0
5750377,"Desloratadina toLife MG, 5 mg Blister 20 Unidade(s) Comp orodisp...[20]",4.0,42.0,4.0,"5,36","80,40","2,42",52.14,1,1,2,2,2,1,2,1,1,2,,,,15.0
5443320,"Desloratadina toLife MG, 5 mg Blister 20 Unidade(s) Comp revest pelic...[20]",4.0,42.0,4.0,"2,68","45,56","1,15",54.51,,2,1,,1,,2,1,4,1,2,3,,17.0
5863071,"Desmopressina Sandoz MG, 0.06 mg Blister 30 Unidade(s) Comp SL...[30]",0.0,42.0,0.0,"11,68","23,36","7,54",31.57,,,,,,,,,,,1,1,,2.0
5863105,"Desmopressina Sandoz MG, 0.12 mg Blister 30 Unidade(s) Comp SL...[30]",5.0,42.0,5.0,"22,48","112,40","8,81",58.46,1,,,2,,,,2,,,,,,5.0
5801832,"Dextazin MG, 1.5 mg Blister 100 Unidade(s) Comp...[100]",5.0,42.0,5.0,"102,50","102,50","62,12",35.76,1,,,,,,,,,,,,,1.0
5833785,"Diazepam Ratiopharm MG, 10 mg Blister 60 Unidade(s) Comp...[60]",2.0,42.0,2.0,"3,04","30,40","1,84",35.84,2,1,,,1,,3,,,,3,,,10.0
4510582,"Diazepam Ratiopharm MG, 5 mg Blister 20 Unidade(s) Comp...[20]",0.0,42.0,0.0,"1,66","3,32","0,64",59.13,,,,,,,,,,,,2,,2.0
5833686,"Diazepam Ratiopharm MG, 5 mg Blister 60 Unidade(s) Comp...[60]",2.0,42.0,2.0,"2,60","91,00","1,46",40.48,5,2,5,5,2,2,1,,4,5,1,1,2,35.0
5518881,"Diclofenac Farmoz MG, 10 mg/g Bisnaga 100 g Gel...[1]",10.0,42.0,10.0,"6,25","325,00","2,13",63.88,5,2,3,2,6,4,4,10,8,1,3,3,1,52.0
2785699,"Diclofenac Generis MG, 100 mg Blister 30 Unidade(s) Caps LP...[30]",8.0,42.0,8.0,"4,51","81,18","2,20",48.29,2,,3,2,,1,1,3,2,,1,2,1,18.0
5790167,"Diclofenac Mylan MG, 75 mg Blister 60 Unidade(s) Comp LP...[60]",2.0,42.0,2.0,"8,94","169,86","3,69",56.25,1,1,1,1,1,1,4,2,2,2,1,2,,19.0
5519087,"Diclofenac Sandoz MG, 10 mg/g Bisnaga 100 g Gel...[1]",7.0,42.0,7.0,"8,20","590,40","2,91",62.38,4,8,6,8,9,3,9,2,6,5,6,5,1,72.0
5762299,"Diclofenac Sandoz MG, 50 mg Blister 10 Unidade(s) Comp revest...[10]",4.0,42.0,4.0,"2,05","22,55","0,98",49.33,,,1,2,1,1,,1,1,2,,2,,11.0
5670898,"Diclofenac Sandoz MG, 50 mg Blister 60 Unidade(s) Comp revest...[60]",6.0,42.0,6.0,"4,92","34,44","1,70",63.37,,,,1,2,1,,,1,,1,1,,7.0
5044193,"Diltiazem ratiopharm MG, 120 mg x 60 cáps lib prol...[60]",2.0,42.0,2.0,"9,46","160,82","6,59",26.16,1,1,1,2,,1,2,2,3,2,2,,,17.0
5516091,"Diltiazem ratiopharm MG, 180 mg x 60 cáps lib prol...[60]",1.0,42.0,1.0,"13,06","78,36","9,14",25.82,1,,2,,,,1,,1,,1,,,6.0
5516190,"Diltiazem ratiopharm MG, 300 mg x 60 cáps lib prol...[60]",1.0,42.0,1.0,"14,07","84,42","10,02",24.51,1,,,1,,1,1,,,1,1,,,6.0
5043799,"Diltiazem Ratiopharm MG, 90 mg Blister 20 Unidade(s) Caps LP...[20]",1.0,42.0,1.0,"3,84","7,68","2,54",29.89,,,,,,,,,,,,2,,2.0
5043898,"Diltiazem ratiopharm MG, 90 mg x 60 cáps lib prol...[60]",0.0,42.0,0.0,"6,62","33,10","5,16",17.38,2,,1,,,,1,1,,,,,,5.0
5104989,"Domperidona Mylan MG, 10 mg Blister 20 Unidade(s) Comp revest pelic...[20]",2.0,42.0,2.0,"2,73","139,23","0,95",63.11,4,5,3,3,4,3,3,5,7,4,3,7,,51.0
5105085,"Domperidona Mylan MG, 10 mg Blister 60 Unidade(s) Comp revest pelic...[60]",1.0,42.0,1.0,"4,61","147,52","1,94",55.39,2,,1,3,3,3,5,2,1,4,5,3,,32.0
5430996,"Domperidona ToLife MG, 10 mg Blister 20 Unidade(s) Comp...[20]",8.0,42.0,8.0,"2,79","128,34","0,98",62.77,6,1,4,9,7,1,,3,3,4,4,3,1,46.0
5431093,"Domperidona ToLife MG, 10 mg Blister 60 Unidade(s) Comp...[60]",13.0,42.0,13.0,"4,61","248,94","1,92",55.85,6,3,4,7,5,,6,4,6,6,5,2,,54.0
5217518,"Donepezilo Farmoz MG, 10 mg x 56 comp rev...[56]",5.0,42.0,5.0,"9,97","139,58","4,73",49.71,1,,2,1,,2,1,,2,1,3,1,,14.0
5217450,"Donepezilo Farmoz MG, 5 mg x 56 comp rev...[56]",7.0,42.0,7.0,"9,10","263,90","4,18",51.31,3,4,,4,3,4,1,1,4,3,1,1,,29.0
5023833,"Donepezilo Generis MG, 5 mg x 28 comp rev...[28]",3.0,42.0,3.0,"9,32","46,60","5,51",37.33,,,,1,1,,,,,1,2,,,5.0
5184312,"Donepezilo KRKA MG, 10 mg x 56 comp rev...[56]",5.0,42.0,5.0,"16,00","288,00","4,32",71.38,,2,,1,,2,1,2,,4,2,3,1,18.0
5121512,"Donepezilo KRKA MG, 5 mg x 28 comp rev...[28]",8.0,42.0,8.0,"5,59","190,06","1,68",68.14,1,4,3,4,1,3,4,2,2,5,3,2,,34.0
5367859,"Donepezilo Krka MG, 5 mg x 56 comp orodisp...[56]",3.0,42.0,3.0,"42,39","42,39","12,70",68.24,,,,,,,,,,,1,,,1.0
5184270,"Donepezilo KRKA MG, 5 mg x 56 comp rev...[56]",6.0,42.0,6.0,"9,74","253,24","2,84",69.09,1,2,2,3,,4,3,2,1,2,2,4,,26.0
5149646,"Donepezilo Sandoz MG, 10 mg x 56 comp rev...[56]",10.0,42.0,10.0,"16,00","848,00","4,71",68.8,9,4,4,4,6,5,3,8,1,3,3,3,,53.0
5149612,"Donepezilo Sandoz MG, 5 mg x 56 comp rev...[56]",8.0,42.0,8.0,"9,74","301,94","4,37",52.44,2,1,5,2,4,1,3,4,1,2,2,4,,31.0
5036470,"Donepezilo toLife MG, 10 mg x 56 comp rev...[56]",10.0,42.0,10.0,"8,69","347,60","3,98",51.45,6,1,3,3,1,2,4,6,2,5,2,5,,40.0
5036371,"Donepezilo toLife MG, 5 mg x 56 comp rev...[56]",5.0,42.0,5.0,"8,32","74,88","3,50",55.41,1,,,1,,1,1,1,,2,2,,,9.0
5414271,"Donepezilo Zentiva MG, 10 mg x 56 comp rev...[56]",0.0,42.0,0.0,"9,97","9,97","3,54",62.36,,,,,,,,,1,,,,,1.0
5878459,"Doporio MG, 100 mg + 25 mg Frasco 100 Unidade(s) Comp...[100]",0.0,42.0,0.0,"8,05","8,05","5,35",29.55,,,,,,,,,,,,1,,1.0
5066329,"Doxazosina Generis MG, 4 mg x 30 comp lib prol...[30]",1.0,42.0,1.0,"8,56","25,68","4,94",38.83,1,,,,,,,,,1,1,,,3.0
5066345,"Doxazosina Generis MG, 8 mg x 30 comp lib prol...[30]",1.0,42.0,1.0,"9,97","9,97","6,34",32.59,,,,,,,,,,,,1,,1.0
5290754,"Doxi-Om MG, 500 mg x 60 cáps...[60]",2.0,42.0,2.0,"23,65","118,25","16,08",27.93,,1,1,1,1,,,,1,,,,,5.0
5297114,"Drosianelle MG, 3 mg + 0.02 mg Blister 21 Unidade(s) Comp revest pelic...[21]",1.0,42.0,1.0,"4,98","19,92","3,54",24.65,,,3,,,,,,,1,,,,4.0
5297130,"Drosianelle MG, 3 mg + 0.02 mg Blister 63 Unidade(s) Comp revest pelic...[63]",4.0,42.0,4.0,"11,51","103,59","7,86",27.61,,1,,1,1,,1,1,,,2,2,,9.0
5303631,"Drosianne MG, 3 mg + 0.03 mg Blister 21 Unidade(s) Comp revest pelic...[21]",3.0,42.0,3.0,"4,59","22,95","3,20",26.1,1,1,,1,,,,,1,,,1,,5.0
5303961,"Drosurall MG, 3 mg + 0.02 mg Blister 84 Unidade(s) Comp revest pelic...[84]",1.0,42.0,1.0,"11,51","23,02","7,78",28.35,,,2,,,,,,,,,,,2.0
5644018,"Duloxetina Aurovitas MG, 60 mg Blister 28 Unidade(s) Caps GR...[28]",0.0,42.0,0.0,"9,97","159,52","2,49",73.53,1,1,,,,,1,3,6,4,,,,16.0
5642020,"Duloxetina Farmoz MG, 30 mg x 28 cáps gastrorresistente...[28]",4.0,42.0,4.0,"9,97","89,73","5,29",43.76,,,,1,1,,1,1,2,2,1,,,9.0
5754122,"Duloxetina Generis MG, 60 mg Blister 28 Unidade(s) Caps GR...[28]",2.0,42.0,2.0,"13,91","459,03","3,49",73.4,1,2,,1,2,,2,3,5,6,4,6,1,33.0
5634134,"Duloxetina Krka MG, 30 mg Blister 28 Unidade(s) Caps GR...[28]",7.0,42.0,7.0,"9,97","887,33","3,54",62.36,16,6,8,7,5,7,7,5,2,9,8,6,3,89.0
5634159,"Duloxetina Krka MG, 60 mg Blister 28 Unidade(s) Caps GR...[28]",15.0,42.0,15.0,"11,15","1.984,70","3,75",64.35,18,18,14,14,18,15,10,20,3,19,10,17,2,178.0
5779319,"Duloxetina Teva MG, 30 mg Blister 28 Unidade(s) Caps GR...[28]",0.0,42.0,0.0,"9,29","27,87","6,44",26.52,2,,,1,,,,,,,,,,3.0
5634670,"Duloxetina toLife MG, 30 mg Blister 28 Unidade(s) Caps GR...[28]",6.0,42.0,6.0,"13,23","185,22","5,32",57.38,,,1,1,3,,1,2,1,1,3,1,,14.0
5634662,"Duloxetina toLife MG, 30 mg Blister 7 Unidade(s) Caps GR...[7]",8.0,42.0,8.0,"4,52","31,64","3,14",26.36,,1,,1,,1,,,1,1,2,,,7.0
5634738,"Duloxetina toLife MG, 60 mg Blister 28 Unidade(s) Caps GR...[28]",36.0,42.0,36.0,"14,10","3.539,10","5,05",62.04,12,12,21,17,21,20,16,23,28,31,29,16,5,251.0
5762075,"Duloxetina Viatris MG, 30 mg Blister 7 Unidade(s) Caps GR...[7]",0.0,42.0,0.0,"4,10","8,20","2,77",28.39,,1,,1,,,,,,,,,,2.0
5799648,"Duloxetina Zentiva MG, 60 mg Blister 28 Unidade(s) Caps GR...[28]",14.0,42.0,14.0,"9,97","1.026,91","3,65",61.19,9,9,19,10,9,10,22,,,,7,6,2,103.0
5757836,"Dulxetenon MG, 60 mg Blister 28 Unidade(s) Caps GR...[28]",1.0,42.0,1.0,"8,63","86,30","5,86",28.02,1,2,,,,1,1,1,2,,,2,,10.0
5804653,"Duodix MG, 200 mg + 500 mg Blister 20 Unidade(s) Comp revest pelic...[20]",15.0,42.0,15.0,"7,95","270,30","3,46",53.87,3,3,2,4,4,,2,5,1,2,3,5,,34.0
5678073,"Duphagol MG, Associação 30 Saqueta Po sol oral...[30]",3.0,42.0,3.0,"19,30","38,60","9,72",46.62,1,,,,,,,,,1,,,,2.0
5672837,"Dutasterida Farmoz MG, 0,5 mg x 60 cáps mole...[60]",1.0,42.0,1.0,"17,23","172,30","7,74",52.38,1,1,1,2,1,,1,1,,1,,1,,10.0
5698618,"Dutasterida Krka MG, 0,5 mg x 60 cáps mole...[60]",7.0,42.0,7.0,"17,23","413,52","4,76",70.72,,4,3,,2,2,2,2,1,3,2,3,,24.0
5764253,"Dutasterida Mylan MG, 0,5 mg x 60 cáps mole...[60]",1.0,42.0,1.0,"12,55","50,20","6,97",41.13,,,,,,1,,1,,1,,1,,4.0
5775960,"Dutasterida/Tansulosina Aurovitas MG, 0.5 mg + 0.4 mg Blister 30 Unidade(s) Caps...[30]",2.0,42.0,2.0,"9,97","39,88","2,84",69.81,3,,,,,,1,,,,,,,4.0
5779541,"Dutasterida/Tansulosina Farmoz MG, 0.5 mg + 0.4 mg Blister 30 Unidade(s) Caps...[30]",16.0,42.0,16.0,"11,78","1.602,08","3,63",67.34,12,9,14,8,11,9,10,12,10,13,15,13,,136.0
5782057,"Dutasterida/Tansulosina TAD MG, 0.5 mg + 0.4 mg Frasco 30 Unidade(s) Caps...[30]",2.0,42.0,2.0,"11,19","223,80","3,77",64.29,,1,2,3,,3,1,2,2,2,2,2,,20.0
5779368,"Dutasterida/Tansulosina Teva MG, 0.5 mg + 0.4 mg Frasco 30 Unidade(s) Caps...[30]",0.0,42.0,0.0,"9,97","9,97","7,04",25.15,1,,,,,,,,,,,,,1.0
5779921,"Dutasterida/Tansulosina ToLife MG, 0.5 mg + 0.4 mg Blister 30 Unidade(s) Caps...[30]",3.0,42.0,3.0,"12,48","299,52","5,80",50.74,2,4,2,5,2,2,1,1,1,1,2,1,,24.0
5773452,"Ebastina Generis MG, 10 mg Blister 20 Unidade(s) Comp orodisp...[20]",0.0,42.0,0.0,"3,57","14,28","1,16",65.56,,,,1,,2,1,,,,,,,4.0
5037106,"Ebastina Generis MG, 10 mg Blister 20 Unidade(s) Comp revest pelic...[20]",7.0,42.0,7.0,"4,64","162,40","1,96",55.22,2,3,,5,3,2,,5,3,3,4,5,,35.0
5037122,"Ebastina Generis MG, 20 mg Blister 20 Unidade(s) Comp revest pelic...[20]",6.0,42.0,6.0,"9,29","185,80","5,49",37.36,3,1,1,1,1,2,,,3,4,2,2,,20.0
5685029,"Ebastina Mylan MG, 10 mg Blister 20 Unidade(s) Comp orodisp...[20]",1.0,42.0,1.0,"4,16","24,96","1,71",56.43,1,,1,,,,,,1,2,1,,,6.0
5742770,"Eletriptano Generis MG, 40 mg x 6 comp rev...[6]",2.0,42.0,2.0,"13,79","55,16","8,32",36.05,,,1,,,1,,1,,1,,,,4.0
5557244,"Enalapril + Lercanidipina Krka MG, 20/10 mg x 56 comp rev...[56]",10.0,42.0,10.0,"16,02","768,96","5,26",65.2,8,5,2,6,4,3,2,3,6,3,5,1,,48.0
5768056,"Enalapril + Lercanidipina Ratiopharm MG, 20 mg + 20 mg Blister 56 Unidade(s) Comp revest pelic...[56]",0.0,42.0,0.0,"12,67","202,72","8,80",26.38,2,,3,2,1,,,,1,1,4,1,1,16.0
3431483,"Enalapril Ciclum MG, 20 mg x 56 comp...[56]",1.0,42.0,1.0,"8,34","150,12","5,61",28.7,1,2,2,,1,3,1,,2,2,3,1,,18.0
3432085,"Enalapril Ciclum MG, 5 mg x 60 comp...[60]",1.0,42.0,1.0,"4,18","25,08","2,84",27.98,,1,,1,1,1,,1,,1,,,,6.0
5532882,"Enalapril Krka MG, 20 mg x 60 comp...[60]",0.0,42.0,0.0,"8,67","8,67","3,79",53.66,,1,,,,,,,,,,,,1.0
3359585,"Enalapril Ratiopharm MG, 20 mg x 60 comp...[60]",0.0,42.0,0.0,"9,16","9,16","6,33",26.75,,,,,,,,,,,,1,,1.0
3357688,"Enalapril Ratiopharm MG, 5 mg x 60 comp...[60]",0.0,42.0,0.0,"4,28","8,56","2,93",27.43,,,,,,,,,,,,2,,2.0
3218286,"Enalapril Sandoz MG, 20 mg x 60 comp...[60]",4.0,42.0,4.0,"9,65","704,45","2,78",69.46,3,3,3,9,7,12,6,6,4,7,5,6,2,73.0
3217288,"Enalapril Sandoz MG, 5 mg x 60 comp...[60]",3.0,42.0,3.0,"4,28","239,68","1,47",63.59,4,5,7,4,3,5,2,1,8,3,5,9,,56.0
3431384,"Enalapril/Hidroclorotiazida Ciclum MG, 20 mg + 12.5 mg Blister 56 Unidade(s) Comp...[56]",1.0,42.0,1.0,"8,97","53,82","6,16",27.21,,2,,,,,,1,1,2,,,,6.0
3486792,"Enalapril/Hidroclorotiazida Farmoz MG, 20 mg + 12.5 mg Blister 60 Unidade(s) Comp...[60]",1.0,42.0,1.0,"9,69","67,83","4,09",55.26,1,2,1,,1,,,,,1,,1,,7.0
3948080,"Enalapril/Hidroclorotiazida Generis MG, 20 mg + 12.5 mg Blister 56 Unidade(s) Comp...[56]",2.0,42.0,2.0,"9,51","19,02","5,32",40.7,,,,,1,,,,,1,,,,2.0
5068689,"Enalapril/Hidroclorotiazida Sandoz MG, 20 mg + 12.5 mg Blister 60 Unidade(s) Comp...[60]",7.0,42.0,7.0,"9,97","1.026,91","2,86",69.59,11,9,10,6,11,8,11,4,6,6,8,12,1,103.0
5817010,"Enalapril/Lercanidipina Ciclum MG, 20 mg + 20 mg Blister 56 Unidade(s) Comp revest pelic...[56]",0.0,42.0,0.0,"11,42","137,04","7,70",28.53,1,1,,,1,3,2,2,1,,1,,,12.0
5685078,"Enalapril/Lercanidipina Farmoz MG, 10 mg + 10 mg Blister 56 Unidade(s) Comp revest pelic...[56]",1.0,42.0,1.0,"8,20","98,40","5,70",26.32,1,2,2,1,2,,,1,2,1,,,,12.0
5685128,"Enalapril/Lercanidipina Farmoz MG, 20 mg + 10 mg Blister 56 Unidade(s) Comp revest pelic...[56]",0.0,42.0,0.0,"12,91","142,01","4,53",62.81,,,,,3,1,,,1,,2,1,3,11.0
5557277,"Enalapril/Lercanidipina Krka MG, 10 mg + 10 mg Blister 56 Unidade(s) Comp revest pelic...[56]",1.0,42.0,1.0,"11,09","155,26","3,73",64.35,1,1,1,1,1,1,,2,1,1,1,3,,14.0
5734546,"Enalapril/Lercanidipina Mylan MG, 20 mg + 10 mg Blister 56 Unidade(s) Comp revest pelic...[56]",0.0,42.0,0.0,"11,66","23,32","6,34",42.36,,,,,,,,,2,,,,,2.0
5685706,"Enalapril/Lercanidipina Pentafarma MG, 20 mg + 10 mg Blister 56 Unidade(s) Comp revest pelic...[56]",0.0,42.0,0.0,"14,10","84,60","5,05",62.04,1,1,2,1,,,1,,,,,,,6.0
5635743,"Enalapril/Lercanidipina Ratiopharm MG, 10 mg + 10 mg Blister 56 Unidade(s) Comp revest pelic...[56]",1.0,42.0,1.0,"9,97","69,79","7,04",25.15,1,,1,,1,,,1,,1,,1,1,7.0
5703145,"Enicil Duo MG (2,5mL), 0,05/5 mg/mL x 1 sol col...[1]",1.0,42.0,1.0,"8,13","48,78","5,24",31.68,1,1,,,,,,,1,1,1,1,,6.0
5703152,"Enicil Duo MG (2,5mL), 0,05/5 mg/mL x 3 sol col...[3]",2.0,42.0,2.0,"21,28","85,12","13,90",30.76,,,,,1,1,,1,1,,,,,4.0
5184064,"Enicil MG, 0.05 mg/ml 3 Frasco conta-gotas 2,5000 ml Col, sol...[3]",1.0,42.0,1.0,"22,32","22,32","16,01",23.97,,,,,,,,1,,,,,,1.0
5391438,"Eplerenona Bluepharma MG, 25 mg Blister 30 Unidade(s) Comp revest pelic...[30]",2.0,42.0,2.0,"21,12","232,32","7,33",63.21,,2,,1,1,1,2,,1,1,2,,,11.0
5413042,"Eplerenona Pentafarma MG, 25 mg x 30 comp rev...[30]",1.0,42.0,1.0,"21,22","254,64","15,24",23.87,1,1,1,2,1,1,,1,1,1,,2,,12.0
5469812,"Escitalopram Alter Genéricos MG, 10 mg Blister 56 Unidade(s) Comp revest pelic...[56]",1.0,42.0,1.0,"8,23","32,92","5,73",26.2,,,,,,1,,,,1,1,,1,4.0
5470018,"Escitalopram Alter Genéricos MG, 20 mg Blister 56 Unidade(s) Comp revest pelic...[56]",1.0,42.0,1.0,"13,48","229,16","9,51",25.22,,1,1,2,1,1,4,2,,1,3,1,,17.0
5594353,"Escitalopram Aurobindo MG, 20 mg Blister 56 Unidade(s) Comp revest pelic...[56]",3.0,42.0,3.0,"13,83","13,83","4,12",68.42,,,,,,,,,,,,1,,1.0
5306741,"Escitalopram Bluepharma MG, 20 mg Blister 56 Unidade(s) Comp revest pelic...[56]",0.0,42.0,0.0,"13,48","13,48","5,25",58.72,,,,1,,,,,,,,,,1.0
5451943,"Escitalopram Clamed MG, 10 mg Blister 56 Unidade(s) Comp revest pelic...[56]",0.0,42.0,0.0,"11,62","81,34","3,17",71.08,1,,1,,,,,1,,1,1,2,,7.0
5450556,"Escitalopram Clamed MG, 20 mg Blister 56 Unidade(s) Comp revest pelic...[56]",1.0,42.0,1.0,"18,84","94,20","5,22",70.63,,,,,1,,1,1,,,1,1,,5.0
5451810,"Escitalopram Farmoz MG, 10 mg Blister 56 Unidade(s) Comp revest pelic...[56]",16.0,42.0,16.0,"9,83","629,12","2,79",69.91,3,4,6,8,2,4,9,7,,10,4,7,,64.0
5451851,"Escitalopram Farmoz MG, 20 mg Blister 56 Unidade(s) Comp revest pelic...[56]",5.0,42.0,5.0,"17,00","561,00","4,56",71.57,3,1,3,3,5,2,3,3,2,3,2,3,,33.0
5719422,"Escitalopram Generis MG, 10 mg Blister 56 Unidade(s) Comp revest pelic...[56]",2.0,42.0,2.0,"12,03","144,36","3,74",67.05,,1,,,1,1,3,2,1,1,1,1,,12.0
5719505,"Escitalopram Generis MG, 20 mg Blister 56 Unidade(s) Comp revest pelic...[56]",1.0,42.0,1.0,"17,80","17,80","5,46",67.49,,,,,,,,,,1,,,,1.0
5224761,"Escitalopram Krka MG, 10 mg Blister 14 Unidade(s) Comp revest pelic...[14]",0.0,42.0,0.0,"3,21","6,42","0,82",72.92,,,,,,,1,,,,,,1,2.0
5224829,"Escitalopram Krka MG, 10 mg Blister 56 Unidade(s) Comp revest pelic...[56]",4.0,42.0,4.0,"9,52","180,88","3,42",61.92,,1,,3,1,1,4,1,1,4,1,1,1,19.0
5224910,"Escitalopram Krka MG, 20 mg Blister 56 Unidade(s) Comp revest pelic...[56]",5.0,42.0,5.0,"17,80","534,00","4,99",70.28,4,2,3,2,4,2,2,3,,4,1,3,,30.0
5606041,"Escitalopram ratiopharm MG, 20 mg Blister 56 Unidade(s) Comp revest pelic...[56]",1.0,42.0,1.0,"13,48","94,36","9,51",25.22,1,1,,,,2,,1,,,,2,,7.0
5392865,"Escitalopram Sandoz MG, 10 mg Blister 56 Unidade(s) Comp revest pelic...[56]",5.0,42.0,5.0,"9,50","456,00","2,70",69.87,2,4,4,11,3,6,1,3,3,3,3,4,1,48.0
5392915,"Escitalopram Sandoz MG, 20 mg Blister 56 Unidade(s) Comp revest pelic...[56]",11.0,42.0,11.0,"17,80","1.210,40","4,91",70.76,2,9,5,5,3,6,3,8,5,6,10,4,2,68.0
5307269,"Escitalopram Tecnigen MG, 10 mg Blister 56 Unidade(s) Comp revest pelic...[56]",13.0,42.0,13.0,"8,27","554,09","2,78",64.37,9,6,8,4,4,6,5,3,2,3,5,9,3,67.0
5451406,"Escitalopram Tetrafarma MG, 10 mg Blister 56 Unidade(s) Comp revest pelic...[56]",1.0,42.0,1.0,"11,00","44,00","7,33",29.37,1,,1,,1,,,,,,1,,,4.0
5183652,"Escitalopram Teva MG, 10 mg Blister 56 Unidade(s) Comp revest pelic...[56]",1.0,42.0,1.0,"9,92","59,52","6,99",25.31,1,2,,1,,,1,1,,,,,,6.0
5451539,"Escitalopram toLife MG, 10 mg Blister 56 Unidade(s) Comp revest pelic...[56]",9.0,42.0,9.0,"12,71","889,70","4,49",62.55,3,5,7,8,12,6,3,9,3,4,5,4,1,70.0
5451570,"Escitalopram toLife MG, 20 mg Blister 56 Unidade(s) Comp revest pelic...[56]",5.0,42.0,5.0,"19,18","556,22","6,98",61.42,1,3,2,1,2,4,3,1,5,1,2,4,,29.0
5751425,"Esomeprazol Aristo MG, 20 mg Blister 56 Unidade(s) Caps GR...[56]",0.0,42.0,0.0,"6,59","6,59","3,46",44.35,,1,,,,,,,,,,,,1.0
5751433,"Esomeprazol Aristo MG, 40 mg Blister 56 Unidade(s) Caps GR...[56]",0.0,42.0,0.0,"9,97","69,79","7,04",25.15,2,2,2,1,,,,,,,,,,7.0
5899075,"Esomeprazol Generis MG, 20 mg Blister 56 Unidade(s) Caps GR...[56]",5.0,42.0,5.0,"9,80","431,20","2,78",69.93,,,,,,,6,6,9,7,5,7,4,44.0
5286307,"Esomeprazol Generis MG, 20 mg x 56 cáps gastrorresistente...[56]",0.0,42.0,0.0,"9,97","9,97","3,89",58.64,,,,1,,,,,,,,,,1.0
5899109,"Esomeprazol Generis MG, 40 mg Blister 56 Unidade(s) Caps GR...[56]",11.0,42.0,11.0,"16,54","430,04","4,40",71.8,,,,,,,3,5,4,7,4,3,,26.0
5289442,"Esomeprazol Krka MG, 20 mg Blister 14 Unidade(s) Caps GR...[14]",6.0,42.0,6.0,"4,83","86,94","1,42",68.84,2,3,3,,1,1,2,,1,1,3,1,,18.0
5289517,"Esomeprazol Krka MG, 20 mg Blister 56 Unidade(s) Caps GR...[56]",22.0,42.0,22.0,"9,92","2.182,40","2,89",69.12,33,23,19,22,25,12,11,11,20,16,8,14,6,220.0
5289657,"Esomeprazol Krka MG, 40 mg Blister 56 Unidade(s) Caps GR...[56]",14.0,42.0,14.0,"16,54","1.488,60","4,51",71.1,13,5,9,14,6,7,6,9,3,7,6,4,1,90.0
5702014,"Esomeprazol Lumec MG, 20 mg Blister 14 Unidade(s) Caps GR...[14]",2.0,42.0,2.0,"2,62","20,96","0,74",70.06,,,,,1,1,1,1,1,1,,2,,8.0
5702055,"Esomeprazol Lumec MG, 20 mg Blister 56 Unidade(s) Caps GR...[56]",9.0,42.0,9.0,"6,41","205,12","2,41",60.15,1,2,3,3,2,1,3,2,1,8,2,4,,32.0
5702360,"Esomeprazol Lumec MG, 40 mg Blister 56 Unidade(s) Caps GR...[56]",9.0,42.0,9.0,"9,66","357,42","4,65",48.98,2,2,2,3,2,4,4,1,4,2,4,5,2,37.0
5320601,"Esomeprazol Ratiopharm MG, 20 mg Blister 56 Unidade(s) Caps GR...[56]",0.0,42.0,0.0,"9,80","29,40","6,89",25.48,,,,1,,,,,1,,1,,,3.0
5286422,"Esomeprazol Sandoz MG, 20 mg Blister 14 Unidade(s) Caps GR...[14]",0.0,42.0,0.0,"4,35","4,35","1,85",54.92,,1,,,,,,,,,,,,1.0
5286448,"Esomeprazol Sandoz MG, 20 mg Blister 56 Unidade(s) Caps GR...[56]",0.0,42.0,0.0,"9,92","119,04","3,09",66.98,6,6,,,,,,,,,,,,12.0
5286521,"Esomeprazol Sandoz MG, 40 mg Blister 56 Unidade(s) Caps GR...[56]",0.0,42.0,0.0,"16,54","33,08","5,03",67.76,1,1,,,,,,,,,,,,2.0
3404589,"Espironolactona Alter MG, 100 mg Blister 60 Unidade(s) Comp revest...[60]",2.0,42.0,2.0,"10,12","212,52","6,56",31.29,2,2,,2,3,,1,4,1,3,2,1,,21.0
5256987,"Espironolactona Alter MG, 25 mg Blister 60 Unidade(s) Comp revest...[60]",10.0,42.0,10.0,"4,78","626,18","3,53",21.72,5,13,7,12,8,12,13,14,19,9,9,8,2,131.0
5755467,"Espironolactona Mylan MG, 25 mg Blister 60 Unidade(s) Comp revest pelic...[60]",0.0,42.0,0.0,"4,52","153,68","2,52",40.9,6,7,7,13,1,,,,,,,,,34.0
5994181,"Estinette MG, 0.02 mg + 0.075 mg Blister 21 Unidade(s) Comp revest...[21]",3.0,42.0,3.0,"3,45","34,50","2,37",27.18,1,,1,1,3,,2,2,,,,,,10.0
5994280,"Estinette MG, 0.02 mg + 0.075 mg Blister 63 Unidade(s) Comp revest...[63]",1.0,42.0,1.0,"9,06","181,20","6,23",27.11,1,2,2,4,1,5,2,,,,2,1,,20.0
5061841,"Etinilestradiol/Gestodeno Generis MG, 0.02 mg + 0.075 mg Blister 21 Unidade(s) Comp revest...[21]",2.0,42.0,2.0,"3,45","27,60","2,09",35.79,2,1,,1,2,,,,1,,1,,,8.0
5061858,"Etinilestradiol/Gestodeno Generis MG, 0.02 mg + 0.075 mg Blister 63 Unidade(s) Comp revest...[63]",5.0,42.0,5.0,"8,85","177,00","5,75",31.13,1,1,3,3,1,2,,1,2,2,1,3,,20.0
5061874,"Etinilestradiol/Gestodeno Generis MG, 0.03 mg + 0.075 mg Blister 63 Unidade(s) Comp revest...[63]",2.0,42.0,2.0,"6,59","46,13","4,70",24.4,2,2,,,1,,,1,,,,1,,7.0
5250444,"Etinilestradiol/Levonorgestrel Generis MG, 0.02 mg + 0.1 mg Blister 21 Unidade(s) Comp revest pelic...[21]",2.0,42.0,2.0,"4,58","18,32","3,19",26.17,1,,,,,1,,,1,,1,,,4.0
5250451,"Etinilestradiol/Levonorgestrel Generis MG, 0.02 mg + 0.1 mg Blister 63 Unidade(s) Comp revest pelic...[63]",2.0,42.0,2.0,"9,97","39,88","6,69",28.87,1,1,,,1,,,1,,,,,,4.0
5449137,"Etofenamato Farmoz MG, 100 mg/g-100 g x 1 gel bisnaga...[1]",18.0,42.0,18.0,"10,15","649,60","3,67",61.67,5,2,3,5,9,2,4,10,7,5,7,5,,64.0
5472923,"Etofenamato Farmoz MG, 50 mg/g x 1 gel bisnaga...[1]",6.0,42.0,6.0,"8,30","66,40","2,98",61.94,3,1,,1,1,,2,,,,,,,8.0
5481338,"Etofenamato Remilax MG, 50 mg/g Bisnaga 100 g Gel...[1]",0.0,42.0,0.0,"8,70","43,50","3,17",61.38,,,2,3,,,,,,,,,,5.0
5721766,"Etoricoxib Ciclum MG, 30 mg Blister 14 Unidade(s) Comp revest pelic...[14]",0.0,42.0,0.0,"2,53","2,53","1,27",46.79,1,,,,,,,,,,,,,1.0
5691829,"Etoricoxib Farmoz MG, 60 mg Blister 20 Unidade(s) Comp revest pelic...[20]",12.0,42.0,12.0,"6,00","204,00","2,23",60.6,2,6,3,1,2,2,2,5,2,1,4,3,1,34.0
5691845,"Etoricoxib Farmoz MG, 90 mg Blister 20 Unidade(s) Comp revest pelic...[20]",11.0,42.0,11.0,"9,67","357,79","3,41",62.62,3,1,2,2,2,3,,8,3,4,5,3,1,37.0
5704630,"Etoricoxib Generis MG, 30 mg Blister 20 Unidade(s) Comp revest pelic...[20]",2.0,42.0,2.0,"4,11","8,22","2,37",38.88,,,,,,,,,,,1,1,,2.0
5704663,"Etoricoxib Generis MG, 60 mg Blister 20 Unidade(s) Comp revest pelic...[20]",2.0,42.0,2.0,"4,78","19,12","2,20",51.21,,,,,,,1,,1,,1,1,,4.0
5689575,"Etoricoxib Mylan MG, 90 mg Blister 20 Unidade(s) Comp revest pelic...[20]",0.0,42.0,0.0,"11,77","23,54","4,02",63.8,,,,,,,,,,,,2,,2.0
5693676,"Etoricoxib Pentafarma MG, 90 mg Blister 20 Unidade(s) Comp revest pelic...[20]",0.0,42.0,0.0,"9,97","199,40","3,54",62.36,3,2,3,1,4,,1,3,,1,,2,,20.0
5693866,"Etoricoxib Pharmakern MG, 60 mg Blister 20 Unidade(s) Comp revest pelic...[20]",0.0,42.0,0.0,"6,19","12,38","2,61",55.31,1,,1,,,,,,,,,,,2.0
5674643,"Etoricoxib ratiopharm MG, 120 mg Blister 7 Unidade(s) Comp revest pelic...[7]",0.0,42.0,0.0,"6,68","13,36","5,39",14.47,1,,,,1,,,,,,,,,2.0
5755202,"Ezetimiba Aristo MG, 10 mg Blister 28 Unidade(s) Comp...[28]",0.0,42.0,0.0,"9,38","75,04","0,69",92.2,1,,,,,,3,3,1,,,,,8.0
5740048,"Ezetimiba Aurovitas MG, 10 mg Blister 28 Unidade(s) Comp...[28]",6.0,42.0,6.0,"9,81","58,86","2,49",73.09,,,,,,,,,,1,1,4,,6.0
5733837,"Ezetimiba Ciclum MG, 10 mg Blister 28 Unidade(s) Comp...[28]",1.0,42.0,1.0,"9,97","9,97","7,04",25.15,,,,,,,1,,,,,,,1.0
5731914,"Ezetimiba Farmoz MG, 10 mg Blister 28 Unidade(s) Comp...[28]",14.0,42.0,14.0,"9,97","1.036,88","2,84",69.81,11,4,10,6,9,6,10,8,8,11,10,9,2,104.0
5695465,"Ezetimiba Krka MG, 10 mg Blister 28 Unidade(s) Comp...[28]",12.0,42.0,12.0,"21,36","1.046,64","6,30",68.74,4,6,3,7,4,4,5,2,6,2,4,2,,49.0
5731823,"Ezetimiba Pentafarma MG, 10 mg x 28 comp...[28]",6.0,42.0,6.0,"14,10","282,00","4,05",69.55,2,2,1,2,4,4,1,2,,2,,,,20.0
5587555,"Ezetimiba Sandoz MG, 10 mg Blister 28 Unidade(s) Comp...[28]",8.0,42.0,8.0,"14,10","451,20","3,94",70.38,4,3,6,2,2,1,3,3,2,2,3,1,,32.0
5677539,"Ezetimiba toLife MG, 10 mg Blister 28 Unidade(s) Comp...[28]",6.0,42.0,6.0,"11,41","193,97","3,87",64.05,2,1,2,,3,,2,1,,5,1,,,17.0
5843115,"Fasilex MG, 100 mg Blister 30 Unidade(s) Comp LP...[30]",1.0,42.0,1.0,"9,97","99,70","7,04",25.15,1,2,1,1,,1,1,1,,1,,,1,10.0
5843123,"Fasilex MG, 50 mg Blister 30 Unidade(s) Comp LP...[30]",2.0,42.0,2.0,"8,31","108,03","5,58",28.82,2,1,1,2,,,,1,1,1,1,2,1,13.0
5763164,"Febuxostate Generis MG, 80 mg x 28 comp rev...[28]",5.0,42.0,5.0,"17,07","170,70","5,73",64.42,2,,2,,2,1,,3,,,,,,10.0
5756879,"Febuxostate Pentafarma MG, 80 mg x 28 comp rev...[28]",18.0,42.0,18.0,"17,07","2.406,87","5,15",68.02,8,8,15,7,14,9,12,10,13,13,17,13,2,141.0
5777156,"Femke MG, 30 mg Blister 1 Unidade(s) Comp revest pelic...[1]",0.0,42.0,0.0,"18,20","36,40","15,50",9.73,,,,,,1,,,,,1,,,2.0
5589247,"Fenofibrato Aurovitas MG, 145 mg Blister 50 Unidade(s) Comp...[50]",5.0,42.0,5.0,"9,59","786,38","5,04",44.29,8,6,8,5,6,11,2,7,6,5,12,5,1,82.0
5824420,"Fenofibrato Farmoz MG, 200 mg Blister 30 Unidade(s) Caps...[30]",5.0,42.0,5.0,"5,01","140,28","2,42",48.8,1,3,,2,3,2,2,4,3,3,1,4,,28.0
5764006,"Fenofibrato Farmoz MG, 267 mg Blister 30 Unidade(s) Caps...[30]",14.0,42.0,14.0,"6,16","671,44","2,75",52.68,11,9,6,9,11,11,7,8,7,8,9,12,1,109.0
5849518,"Fenofibrato Generis MG, 145 mg Blister 50 Unidade(s) Comp revest pelic...[50]",25.0,42.0,25.0,"9,59","9,59","5,04",44.29,,,,,,,,,,,,,1,1.0
4814984,"Fenofibrato Zentiva MG, 200 mg Blister 30 Unidade(s) Caps...[30]",9.0,42.0,9.0,"5,71","199,85","3,43",36.33,4,4,1,5,2,2,2,4,2,2,3,4,,35.0
5538889,"Fenofibrato Zentiva MG, 267 mg Blister 30 Unidade(s) Caps...[30]",14.0,42.0,14.0,"6,50","526,50","3,97",35.26,11,7,6,7,5,7,5,8,5,4,6,10,,81.0
5119250,"Fentanilo Aurovitas MG, 100 µg/h 5 Saqueta Adesivo transder...[5]",3.0,42.0,3.0,"32,87","164,35","19,91",35.79,1,,,4,,,,,,,,,,5.0
5462940,"Fentanilo Mylan MG, 100 µg/h Saqueta 5 Unidade(s) Adesivo transder...[5]",3.0,42.0,3.0,"26,29","262,90","17,58",29.12,,3,,,,,,,2,,3,2,,10.0
5462932,"Fentanilo Mylan MG, 75 µg/h 5 Saqueta Adesivo transder...[5]",2.0,42.0,2.0,"22,95","459,00","14,92",31.09,,,4,,6,,10,,,,,,,20.0
5021514,"Fentanilo Sandoz MG, 12.5 µg/h 5 Saqueta Adesivo transder...[5]",3.0,42.0,3.0,"9,09","36,36","3,15",63.27,1,,,,2,,,,1,,,,,4.0
5021522,"Fentanilo Sandoz MG, 25 µg/h 5 Saqueta Adesivo transder...[5]",3.0,42.0,3.0,"9,97","368,89","3,54",62.36,2,3,4,4,5,7,5,2,,3,,2,,37.0
5021530,"Fentanilo Sandoz MG, 50 µg/h 5 Saqueta Adesivo transder...[5]",3.0,42.0,3.0,"18,23","54,69","6,24",63.72,,,,,,,3,,,,,,,3.0
5682406,"Finasterida Biorga MG, 1 mg x 84 comp rev...[84]",1.0,42.0,1.0,"57,90","115,80","44,32",18.86,1,,,,,,,,,,,1,,2.0
2908895,"Finasterida Farmoz MG, 5 mg x 60 comp rev...[60]",10.0,42.0,10.0,"10,68","726,24","4,25",57.82,7,6,5,3,7,3,11,2,6,3,9,6,,68.0
2908598,"Finasterida Impruve MG, 5 mg x 60 comp rev...[60]",0.0,42.0,0.0,"11,54","300,04","3,92",63.99,2,2,,4,2,1,3,,4,1,5,2,,26.0
5284658,"Finasterida Mylan MG, 5 mg x 60 comp rev...[60]",1.0,42.0,1.0,"13,75","220,00","5,86",54.82,1,2,,1,,3,1,4,,2,,2,,16.0
2908291,"Finasterida toLife 5 mg Comprimidos revestidos MG, 5 mg Blister 60 Unidade(s) Comp revest...[60]",4.0,42.0,4.0,"11,87","118,70","4,47",60.08,,,1,1,,1,2,,1,2,1,1,,10.0
4528394,"Flucloxacilina Floxil MG, 500 mg x 24 cáps...[24]",21.0,42.0,21.0,"6,18","401,70","2,76",52.66,4,6,6,6,8,1,,2,15,11,1,5,,65.0
5594700,"Flucloxacilina Generis MG, 500 mg x 24 cáps...[24]",7.0,42.0,7.0,"5,73","68,76","2,60",51.9,1,,1,,,1,,3,1,2,1,1,1,12.0
5722038,"Fluconazol Generis MG, 150 mg x 2 cáps...[2]",-8.0,42.0,-8.0,"6,65","119,70","2,02",67.8,,,,,,,,,1,2,2,3,10,18.0
5301767,"Fluconazol Krka MG, 100 mg x 14 cáps...[14]",2.0,42.0,2.0,"36,55","255,85","10,61",69.23,,1,,,,,,3,1,1,,1,,7.0
5301858,"Fluconazol Krka MG, 150 mg Blister 2 Unidade(s) Caps...[2]",6.0,42.0,6.0,"6,65","146,30","2,07",67.0,,,,,4,4,,7,1,2,3,1,,22.0
5301841,"Fluconazol Krka MG, 150 mg x 1 cáps...[1]",5.0,42.0,5.0,"4,18","75,24","1,18",70.08,1,2,,2,1,4,2,1,1,,2,2,,18.0
5301932,"Fluconazol Krka MG, 200 mg Blister 14 Unidade(s) Caps...[14]",2.0,42.0,2.0,"46,22","184,88","14,19",67.46,,,,1,,1,,,1,,,1,,4.0
5301916,"Fluconazol Krka MG, 200 mg Blister 7 Unidade(s) Caps...[7]",2.0,42.0,2.0,"23,89","406,13","7,19",68.1,1,,,1,2,,1,4,1,1,3,3,,17.0
5301650,"Fluconazol Krka MG, 50 mg Blister 7 Unidade(s) Caps...[7]",5.0,42.0,5.0,"8,16","114,24","2,27",70.51,,,,,3,3,5,,2,,,1,,14.0
4977591,"Fluconazol Supremase MG, 200 mg x 14 cáps...[14]",1.0,42.0,1.0,"52,67","52,67","15,99",67.82,,1,,,,,,,,,,,,1.0
4848982,"Fluconazol ToLife MG, 150 mg Blister 1 Unidade(s) Caps...[1]",0.0,42.0,0.0,"4,28","4,28","2,08",48.49,,,,,,,1,,,,,,,1.0
5712039,"Fluoxetina Aurovitas MG, 20 mg Blister 60 Unidade(s) Caps...[60]",7.0,42.0,7.0,"5,78","115,60","2,10",61.49,,,,,,,2,2,3,5,5,2,1,20.0
3431095,"Fluoxetina Ciclum MG, 20 mg Blister 60 Unidade(s) Caps...[60]",1.0,42.0,1.0,"4,88","73,20","3,45",25.06,3,2,2,2,3,,1,,,,1,1,,15.0
4279196,"Fluoxetina Farmoz MG, 20 mg Blister 60 Unidade(s) Caps...[60]",10.0,42.0,10.0,"9,97","817,54","3,53",62.47,6,9,5,6,8,5,7,5,8,5,9,7,2,82.0
3653987,"Fluoxetina Generis MG, 4 mg/ml Frasco 140 ml Sol oral...[1]",2.0,42.0,2.0,"9,00","45,00","6,18",27.21,,,,,2,,,2,,,1,,,5.0
4008983,"Fluoxetina Mylan MG, 20 mg Blister 60 Unidade(s) Caps...[60]",0.0,42.0,0.0,"9,97","79,76","2,84",69.81,4,,1,,,,1,2,,,,,,8.0
2149391,"Fluoxetina Nodepe MG, 20 mg Blister 60 Unidade(s) Caps...[60]",3.0,42.0,3.0,"10,40","322,40","6,79",30.79,1,3,1,1,4,,2,3,5,3,2,6,,31.0
5223284,"Fluoxetina toLife 20 mg cápsulas MG, 20 mg Blister 60 Unidade(s) Caps...[60]",12.0,42.0,12.0,"6,68","681,36","2,79",55.73,11,13,7,9,3,6,6,8,9,9,11,9,1,102.0
2175792,"Fluoxetina Tuneluz MG, 20 mg Blister 60 Unidade(s) Caps...[60]",3.0,42.0,3.0,"12,34","468,92","8,14",30.08,4,2,4,2,4,1,6,5,6,,4,,,38.0
3416898,"Fluoxetina Zentiva MG, 20 mg Blister 60 Unidade(s) Caps...[60]",0.0,42.0,0.0,"6,68","387,44","2,47",60.81,12,6,5,5,5,8,6,5,5,1,,,,58.0
5010616,"Fluticasona Nasofan MG (120 doses), 50 mcg/dose x 1 susp pulv nasal...[1]",1.0,42.0,1.0,"5,24","26,20","3,77",23.74,1,,,,1,,,,1,1,1,,,5.0
5879671,"Fluticasona Teva MG, 27.5 µg/dose Frasco 120 dose Susp pulv nasal...[1]",0.0,42.0,0.0,"7,88","7,88","5,20",30.05,,,,,,,,1,,,,,,1.0
5109129,"Fluvastatina Generis MG, 80 mg Blister 56 Unidade(s) Comp LP...[56]",2.0,42.0,2.0,"13,33","106,64","7,98",36.54,1,,1,1,,1,,1,1,1,,1,,8.0
5090345,"Fluvastatina Sandoz MG, 40 mg Blister 56 Unidade(s) Caps...[56]",3.0,42.0,3.0,"14,10","141,00","6,10",54.14,3,,2,1,1,,1,,1,,1,,,10.0
5350582,"Fluvoxamina Generis MG, 100 mg x 60 comp rev...[60]",1.0,42.0,1.0,"16,28","130,24","10,70",30.33,1,,,1,1,,1,,1,,1,1,1,8.0
5350087,"Fluvoxamina Generis MG, 50 mg x 60 comp rev...[60]",5.0,42.0,5.0,"9,27","139,05","6,43",26.47,,,,,1,3,3,1,1,1,,4,1,15.0
4185989,"Formoterol Farmoz MG, 12 mcg x 60 pó inal cáps...[60]",1.0,42.0,1.0,"14,10","211,50","6,05",54.52,,1,1,1,1,2,2,1,1,1,1,3,,15.0
5369152,"Fosfomicina toLife MG, 3000 mg Saqueta Granul sol oral...[1]",7.0,42.0,7.0,"4,28","132,68","1,92",52.45,3,1,3,,5,2,5,1,2,2,1,5,1,31.0
5369160,"Fosfomicina toLife MG, 3000 mg 2 Saqueta Granul sol oral...[2]",14.0,42.0,14.0,"6,37","343,98","3,11",48.25,7,2,1,4,3,2,3,2,16,1,2,11,,54.0
2668887,"Fungotux MG, 10 mg/g Bisnaga 50 g Cr...[1]",1.0,42.0,1.0,"5,40","10,80","3,69",27.57,,,,,1,1,,,,,,,,2.0
5824412,"Furosemida Farmoz MG, 40 mg Blister 60 Unidade(s) Comp...[60]",2.0,42.0,2.0,"3,11","255,02","0,86",70.69,3,5,3,3,1,4,5,14,3,4,14,22,1,82.0
5765722,"Furosemida Generis MG, 40 mg Blister 60 Unidade(s) Comp...[60]",0.0,42.0,0.0,"3,63","7,26","1,91",44.23,1,,,,,,,,,,1,,,2.0
5124078,"Furosemida Pharmakern MG, 40 mg Blister 60 Unidade(s) Comp...[60]",2.0,42.0,2.0,"4,06","36,54","1,20",68.67,3,,,1,,1,,,1,1,,2,,9.0
5505284,"Furosemida Ratiopharm MG, 40 mg Blister 60 Unidade(s) Comp...[60]",1.0,42.0,1.0,"4,06","32,48","2,73",28.72,2,,,,,,1,,,1,3,1,,8.0
5743984,"Furosemida Sandoz MG, 40 mg Blister 60 Unidade(s) Comp...[60]",2.0,42.0,2.0,"4,09","1.509,21","1,12",70.97,21,26,22,23,35,32,53,47,41,35,33,1,,369.0
5836317,"Furosemida tolife MG, 40 mg Blister 60 Unidade(s) Comp...[60]",0.0,42.0,0.0,"2,95","47,20","1,24",55.44,2,2,2,1,1,2,3,,1,2,,,,16.0
5014006,"Gabapentina Farmoz MG, 600 mg Blister 60 Unidade(s) Comp revest pelic...[60]",6.0,42.0,6.0,"12,41","335,07","5,17",55.84,2,4,6,1,3,1,3,,,3,1,3,,27.0
3847795,"Gabapentina Farmoz 100 mg Cápsulas MG, 100 mg Blister 60 Unidade(s) Caps...[60]",7.0,42.0,7.0,"5,14","133,64","2,22",54.22,,3,1,5,,3,2,1,5,3,1,2,,26.0
3847894,"Gabapentina Farmoz 300 mg Cápsulas MG, 300 mg Blister 60 Unidade(s) Caps...[60]",12.0,42.0,12.0,"10,77","603,12","4,29",57.78,4,3,8,4,1,3,13,3,1,6,4,6,,56.0
3847993,"Gabapentina Farmoz 400 mg Cápsulas MG, 400 mg Blister 60 Unidade(s) Caps...[60]",15.0,42.0,15.0,"9,97","558,32","4,24",54.92,1,4,2,5,6,4,5,4,8,5,6,6,,56.0
5016977,"Gabapentina Gabamox MG, 800 mg Blister 60 Unidade(s) Comp revest pelic...[60]",2.0,42.0,2.0,"14,10","324,30","6,05",54.52,2,2,1,2,1,1,4,1,2,1,2,4,,23.0
3847399,"Gabapentina Gabamox 100 mg Cápsulas MG, 100 mg Blister 60 Unidade(s) Caps...[60]",8.0,42.0,8.0,"5,57","395,47","2,44",53.57,5,5,3,5,3,6,8,5,6,8,8,8,1,71.0
3847498,"Gabapentina Gabamox 300 mg Cápsulas MG, 300 mg Blister 60 Unidade(s) Caps...[60]",2.0,42.0,2.0,"11,24","67,44","4,54",57.19,,1,1,,1,,,1,,,,2,,6.0
5722202,"Gabapentina Generis MG, 300 mg Blister 60 Unidade(s) Caps...[60]",1.0,42.0,1.0,"11,24","157,36","3,43",67.65,,1,,3,,2,,1,2,2,,3,,14.0
5896733,"Gabapentina ratiopharm MG, 100 mg Blister 60 Unidade(s) Caps...[60]",1.0,42.0,1.0,"5,57","38,99","4,06",22.74,,,,,,,,,2,1,3,,1,7.0
5278882,"Gabapentina Ratiopharm 100 mg Cápsulas MG, 100 mg Blister 60 Unidade(s) Caps...[60]",0.0,42.0,0.0,"5,57","38,99","4,39",16.46,2,,,1,,1,2,1,,,,,,7.0
5014113,"Gabapentina toLife MG, 100 mg Blister 60 Unidade(s) Caps...[60]",12.0,42.0,12.0,"5,57","440,03","2,51",52.23,9,8,7,7,8,5,7,7,6,7,5,2,1,79.0
5014147,"Gabapentina toLife MG, 300 mg Blister 60 Unidade(s) Caps...[60]",16.0,42.0,16.0,"11,24","764,32","4,81",54.64,12,5,4,5,3,3,6,5,3,6,12,4,,68.0
5014170,"Gabapentina toLife MG, 400 mg Blister 60 Unidade(s) Caps...[60]",9.0,42.0,9.0,"11,53","322,84","4,85",55.41,4,2,1,2,2,1,1,3,1,3,4,4,,28.0
5017033,"Gabapentina ToLife MG, 600 mg Blister 60 Unidade(s) Comp revest pelic...[60]",8.0,42.0,8.0,"12,98","428,34","6,23",49.12,3,1,1,2,2,1,1,4,4,4,4,6,,33.0
5086145,"Galantamina Generis MG, 4 mg x 56 comp rev...[56]",3.0,42.0,3.0,"25,09","250,90","18,46",22.01,2,1,2,2,,2,1,,,,,,,10.0
5339775,"Galantamina Krka MG, 24 mg x 28 cáps lib prol...[28]",4.0,42.0,4.0,"38,57","539,98","11,29",68.97,1,2,,2,1,1,1,1,1,1,1,2,,14.0
5339676,"Galantamina Krka MG, 8 mg x 28 cáps lib prol...[28]",2.0,42.0,2.0,"21,29","21,29","6,24",68.93,1,,,,,,,,,,,,,1.0
2232395,"Gentamicina Labesfal MG, 80 mg/2 mL x 1 sol inj amp...[1]",2.0,42.0,2.0,"2,37","113,76","1,26",43.65,,,,,,10,7,10,16,,5,,,48.0
5715685,"Glibenclamida Generis MG, 5 mg x 60 comp...[60]",2.0,42.0,2.0,"4,28","25,68","2,90",28.18,,1,,1,,1,,1,,1,,1,,6.0
5842349,"Gliclazida Farmoz LP MG, 60 mg Blister 30 Unidade(s) Comp LP...[30]",7.0,42.0,7.0,"4,22","54,86","1,45",63.58,,,,,,,,,,,,12,1,13.0
5770474,"Gliclazida Krka MG, 30 mg Blister 60 Unidade(s) Comp LM...[60]",15.0,42.0,15.0,"5,20","535,60","1,54",68.61,11,11,11,11,1,3,4,7,11,11,12,9,1,103.0
5465661,"Gliclazida Krka MG, 60 mg Blister 30 Unidade(s) Comp LM...[30]",0.0,42.0,0.0,"5,43","1.156,59","1,62",68.38,26,19,27,16,18,20,15,29,14,17,12,,,213.0
5210216,"Gliclazida Mylan MG, 30 mg Blister 60 Unidade(s) Comp LM...[60]",1.0,42.0,1.0,"5,37","107,40","1,95",61.51,,1,,1,5,7,2,1,,,1,1,1,20.0
5720685,"Glimepirida Ciclum MG, 2 mg x 60 comp...[60]",1.0,42.0,1.0,"4,63","46,30","3,30",24.45,2,,2,1,,1,,2,1,,1,,,10.0
5723374,"Glimepirida Generis MG, 3 mg Blister 60 Unidade(s) Comp...[60]",2.0,42.0,2.0,"6,57","65,70","3,96",36.11,,,,,,,1,2,3,1,,2,1,10.0
5685987,"Glimepirida Tolife MG, 2 mg x 60 comp...[60]",1.0,42.0,1.0,"4,62","4,62","2,01",53.88,,,,,,,,,,,,1,,1.0
5686084,"Glimepirida Tolife MG, 3 mg x 60 comp...[60]",0.0,42.0,0.0,"6,57","45,99","2,98",51.92,2,,2,,2,1,,,,,,,,7.0
5686183,"Glimepirida Tolife MG, 4 mg Blister 60 Unidade(s) Comp...[60]",0.0,42.0,0.0,"6,68","60,12","3,04",51.76,,2,,,2,,,2,,1,2,,,9.0
5184049,"Glucosamina Farmoz MG, 1500 mg 60 Saqueta Po sol oral...[60]",4.0,42.0,4.0,"15,95","143,55","6,73",55.27,1,2,,,,2,1,,,3,,,,9.0
5895180,"Glucosamina Glusina MG, 1500 mg x 20 pó sol oral saq...[20]",0.0,42.0,0.0,"5,15","5,15","3,64",25.08,,,,,,,1,,,,,,,1.0
5026026,"Glucosamina Glusina MG, 1500 mg x 60 pó sol oral saq...[60]",3.0,42.0,3.0,"17,50","752,50","11,83",28.34,3,4,3,3,8,3,3,3,4,3,2,3,1,43.0
5817218,"Grinhals MG, 200 mg + 30 mg Blister 20 Unidade(s) Comp revest pelic...[20]",10.0,42.0,10.0,"9,15","228,75","2,57",70.23,,4,7,3,1,1,2,,1,1,1,3,1,25.0
5857057,"Gripalgin MG, 650 mg + 4 mg + 8.21 mg Saqueta 10 Unidade(s) Granul sol oral...[10]",1.0,42.0,1.0,"10,30","144,20","7,05",27.45,5,,,,3,1,1,,2,,,2,,14.0
5568621,"Heperpoll Maçã MG, 10 mg Blister 14 Unidade(s) Comp chupar...[14]",8.0,42.0,8.0,"8,90","178,00","3,13",62.72,,,,,1,1,,2,2,3,8,3,,20.0
5771530,"Hidroclorotiazida Generis MG, 25 mg x 60 comp...[60]",3.0,42.0,3.0,"4,88","29,28","3,46",24.84,1,,1,,,,,,1,,2,1,,6.0
5690433,"Hidroxizina Generis MG, 25 mg x 60 comp rev...[60]",5.0,42.0,5.0,"4,16","70,72","1,99",49.29,2,1,1,,,5,2,1,3,1,,1,,17.0
5568662,"Ibudol MG, 400 mg Blister 20 Unidade(s) Comp revest pelic...[20]",0.0,42.0,0.0,"6,55","52,40","1,34",78.31,,,,,,,3,1,2,,1,1,,8.0
5772181,"Ibuprofeno Generis MG, 400 mg Blister 20 Unidade(s) Comp revest pelic...[20]",8.0,42.0,8.0,"2,41","57,84","0,57",74.93,3,4,,2,2,1,1,2,2,2,1,4,,24.0
5120589,"Ibuprofeno Generis MG, 400 mg Blister 60 Unidade(s) Comp revest pelic...[60]",3.0,42.0,3.0,"4,74","75,84","1,49",66.68,3,1,2,5,,,1,2,1,,1,,,16.0
5515184,"Ibuprofeno Generis MG, 600 mg Blister 20 Unidade(s) Comp revest...[20]",19.0,42.0,19.0,"3,16","461,36","0,98",67.13,16,9,11,13,17,7,12,14,16,9,8,10,4,146.0
4457388,"Ibuprofeno Generis MG, 600 mg Blister 60 Unidade(s) Comp revest...[60]",18.0,42.0,18.0,"5,79","694,80","2,11",61.37,5,11,9,17,13,9,8,8,6,13,9,11,1,120.0
5218532,"Ibuprofeno Pharmakern MG, 400 mg Blister 60 Unidade(s) Comp revest pelic...[60]",2.0,42.0,2.0,"3,90","3,90","0,00",100.0,,,,,,,,,1,,,,,1.0
5917885,"Ibuprofeno Pharmakern MG, 600 mg 20 Saqueta Granul eferv...[20]",0.0,42.0,0.0,"4,25","29,75","2,49",37.9,,,,,,1,1,4,1,,,,,7.0
5218565,"Ibuprofeno Sandoz MG, 200 mg Blister 20 Unidade(s) Comp revest pelic...[20]",2.0,42.0,2.0,"3,85","11,55","1,66",54.3,1,1,,1,,,,,,,,,,3.0
5218573,"Ibuprofeno Sandoz MG, 200 mg Blister 60 Unidade(s) Comp revest pelic...[60]",1.0,42.0,1.0,"5,50","11,00","2,67",48.54,,,,,,,,,1,1,,,,2.0
5218607,"Ibuprofeno Sandoz MG, 400 mg Blister 20 Unidade(s) Comp revest pelic...[20]",6.0,42.0,6.0,"2,43","21,87","0,82",64.23,,,1,3,4,,,1,,,,,,9.0
5218615,"Ibuprofeno Sandoz MG, 400 mg Blister 60 Unidade(s) Comp revest pelic...[60]",10.0,42.0,10.0,"4,59","41,31","2,22",48.73,2,,1,2,1,,,1,,1,1,,,9.0
5218623,"Ibuprofeno Sandoz MG, 600 mg Blister 20 Unidade(s) Comp revest pelic...[20]",9.0,42.0,9.0,"3,06","119,34","1,21",58.08,9,3,6,3,4,1,1,,5,1,3,3,,39.0
5218631,"Ibuprofeno Sandoz MG, 600 mg Blister 60 Unidade(s) Comp revest pelic...[60]",8.0,42.0,8.0,"5,28","285,12","2,70",45.8,10,8,4,5,3,6,1,4,3,7,2,,1,54.0
5219332,"Ibuprofeno toLife MG, 400 mg Blister 60 Unidade(s) Comp revest pelic...[60]",2.0,42.0,2.0,"4,07","4,07","1,96",48.95,1,,,,,,,,,,,,,1.0
5314463,"Ibuprofeno toLife MG, 400 mg 20 Saqueta Granul sol oral...[20]",2.0,42.0,2.0,"3,31","29,79","0,69",77.9,3,1,1,1,,,,,1,1,1,,,9.0
5754981,"Indapamida Generis MG, 1.5 mg Blister 30 Unidade(s) Comp LP...[30]",7.0,42.0,7.0,"5,31","127,44","2,12",57.68,3,3,1,2,1,3,1,1,2,,5,1,1,24.0
5018015,"Indapamida Krka MG, 1.5 mg Blister 30 Unidade(s) Comp LP...[30]",10.0,42.0,10.0,"5,31","201,78","1,59",68.26,2,3,5,2,1,4,7,5,1,2,2,4,,38.0
5089933,"Indapamida Pharmakern MG, 1.5 mg Blister 30 Unidade(s) Comp LP...[30]",0.0,42.0,0.0,"4,65","32,55","0,00",100.0,,1,,,4,2,,,,,,,,7.0
4452389,"Indapamida Sandoz MG, 2,5 mg x 60 comp rev...[60]",8.0,42.0,8.0,"8,73","139,68","3,81",53.74,2,1,1,1,2,1,,3,1,1,1,2,,16.0
5034319,"Indapamida toLife MG, 1.5 mg Blister 30 Unidade(s) Comp LP...[30]",23.0,42.0,23.0,"5,31","573,48","2,12",57.68,7,11,7,10,8,14,5,10,5,11,11,7,2,108.0
4026985,"Indapamida Zentiva MG, 2.5 mg Blister 30 Unidade(s) Comp revest...[30]",9.0,42.0,9.0,"4,74","118,50","1,67",62.65,4,1,2,2,2,1,,3,2,3,2,2,1,25.0
5890256,"Inocort MG, 0.1 mg Blister 60 Unidade(s) Comp...[60]",1.0,42.0,1.0,"37,53","262,71","26,24",25.89,,,,,1,,1,2,,,,2,1,7.0
5279419,"Irbesartan + Hidroclorotiazida Sandoz MG, 150 mg + 12.5 mg Blister 28 Unidade(s) Comp revest pelic...[28]",7.0,42.0,7.0,"8,90","418,30","2,46",70.7,5,2,5,4,2,5,2,6,3,3,7,3,,47.0
5093844,"Irbesartan Ciclum MG, 75 mg Blister 28 Unidade(s) Comp...[28]",1.0,42.0,1.0,"5,88","47,04","4,33",21.94,2,1,,1,,1,,1,,1,,1,,8.0
5217765,"Irbesartan Krka MG, 150 mg Blister 28 Unidade(s) Comp revest pelic...[28]",5.0,42.0,5.0,"6,48","149,04","3,16",48.31,2,4,1,2,1,,3,1,,3,1,5,,23.0
5217849,"Irbesartan Krka MG, 300 mg Blister 28 Unidade(s) Comp revest pelic...[28]",5.0,42.0,5.0,"9,73","262,71","4,45",51.52,,1,1,3,1,2,2,5,1,3,3,4,1,27.0
5217708,"Irbesartan Krka MG, 75 mg Blister 28 Unidade(s) Comp revest pelic...[28]",1.0,42.0,1.0,"7,72","7,72","2,55",64.99,,,,,1,-1,,,1,,,,,1.0
5151964,"Irbesartan Pharmakern MG, 75 mg Blister 28 Unidade(s) Comp revest pelic...[28]",4.0,42.0,4.0,"6,68","120,24","4,03",36.05,1,4,1,1,4,3,,,2,,1,1,,18.0
5239231,"Irbesartan Sandoz MG, 150 mg Blister 28 Unidade(s) Comp revest pelic...[28]",4.0,42.0,4.0,"8,74","349,60","2,43",70.53,5,2,,5,2,8,1,2,3,4,2,6,,40.0
5239256,"Irbesartan Sandoz MG, 300 mg Blister 28 Unidade(s) Comp revest pelic...[28]",7.0,42.0,7.0,"11,74","587,00","3,26",70.57,5,4,6,4,6,2,3,4,1,4,6,3,2,50.0
5164462,"Irbesartan toLife MG, 150 mg Blister 28 Unidade(s) Comp...[28]",9.0,42.0,9.0,"6,68","340,68","3,44",45.41,9,5,7,1,5,2,6,2,4,5,2,3,,51.0
5165675,"Irbesartan toLife MG, 300 mg Blister 28 Unidade(s) Comp...[28]",2.0,42.0,2.0,"9,97","89,73","4,63",50.77,,,,1,1,1,,1,1,2,1,1,,9.0
5445770,"Irbesartan/Hidroclorotiazida Farmoz MG, 150 mg + 12.5 mg Blister 28 Unidade(s) Comp revest pelic...[28]",1.0,42.0,1.0,"5,94","71,28","2,64",52.89,1,,,3,,,,3,,1,1,2,1,12.0
5445812,"Irbesartan/Hidroclorotiazida Farmoz MG, 300 mg + 12.5 mg Blister 28 Unidade(s) Comp revest pelic...[28]",3.0,42.0,3.0,"6,68","80,16","3,03",51.92,1,,1,,1,1,2,1,,1,2,1,1,12.0
5373303,"Irbesartan/Hidroclorotiazida Krka MG, 150 mg + 12.5 mg Blister 28 Unidade(s) Comp revest pelic...[28]",0.0,42.0,0.0,"4,44","57,72","3,07",26.71,1,2,,1,2,2,2,1,1,,1,,,13.0
5373329,"Irbesartan/Hidroclorotiazida Krka MG, 300 mg + 12.5 mg Blister 28 Unidade(s) Comp revest pelic...[28]",9.0,42.0,9.0,"5,60","235,20","4,08",22.77,3,3,5,1,5,3,3,4,4,3,5,3,,42.0
5429014,"Irbesartan/Hidroclorotiazida ratiopharm MG, 300 mg + 12.5 mg Blister 28 Unidade(s) Comp revest pelic...[28]",2.0,42.0,2.0,"6,68","167,00","5,03",20.18,2,2,1,1,1,,4,1,7,3,2,1,,25.0
5374962,"Irbesartan/Hidroclorotiazida Sandoz MG, 300 mg + 12.5 mg Blister 28 Unidade(s) Comp revest pelic...[28]",22.0,42.0,22.0,"8,91","320,76","3,07",63.48,2,2,4,2,2,1,2,12,2,1,1,5,,36.0
5336615,"Irbesartan/Hidroclorotiazida toLife MG, 150 mg + 12.5 mg Blister 28 Unidade(s) Comp revest pelic...[28]",5.0,42.0,5.0,"6,68","173,68","2,97",52.87,1,2,4,3,1,1,2,2,2,2,2,3,1,26.0
5336631,"Irbesartan/Hidroclorotiazida toLife MG, 300 mg + 12.5 mg Blister 28 Unidade(s) Comp revest pelic...[28]",9.0,42.0,9.0,"6,68","347,36","3,06",51.44,8,5,3,2,6,5,4,3,4,3,7,1,1,52.0
5834361,"Isotiorga MG, 20 mg Blister 60 Unidade(s) Caps mole...[60]",0.0,42.0,0.0,"20,13","20,13","14,08",25.86,,,,,,,1,,,,,,,1.0
4057881,"Isotretinoína Aurovitas MG, 10 mg x 60 cáps mole...[60]",3.0,42.0,3.0,"20,28","324,48","9,98",47.84,3,2,3,,,,1,3,1,,2,1,,16.0
4058186,"Isotretinoína Aurovitas MG, 20 mg x 30 cáps mole...[30]",0.0,42.0,0.0,"17,45","17,45","11,73",28.75,,,,,,,,,,,,1,,1.0
4058384,"Isotretinoína Aurovitas MG, 20 mg x 60 cáps mole...[60]",2.0,42.0,2.0,"33,39","100,17","15,84",49.71,,,,,,1,1,,,,,1,,3.0
4882494,"Isotretinoína Orotrex MG, 10 mg x 30 cáps mole...[30]",0.0,42.0,0.0,"12,68","12,68","8,81",26.35,,,,,,1,,,,,,,,1.0
5174792,"Isotretinoína Orotrex MG, 10 mg x 60 cáps mole...[60]",5.0,42.0,5.0,"20,20","464,60","10,11",46.95,1,3,3,1,,8,3,2,,,2,,,23.0
4882593,"Isotretinoína Orotrex MG, 20 mg x 30 cáps mole...[30]",0.0,42.0,0.0,"17,41","17,41","11,69",28.83,,,,,,1,,,,,,,,1.0
5750526,"Isotretinoína Orotrex MG, 5 mg x 60 cáps mole...[60]",2.0,42.0,2.0,"17,64","70,56","12,06",27.53,,1,,,,,1,,1,,1,,,4.0
5837018,"Itam MG, 100 mg Blister 56 Unidade(s) Comp revest pelic...[56]",1.0,42.0,1.0,"22,51","112,55","16,18",23.81,1,1,,1,,,,1,,1,,,,5.0
5836937,"Itam MG, 25 mg Blister 56 Unidade(s) Comp revest pelic...[56]",0.0,42.0,0.0,"9,97","29,91","7,04",25.15,1,1,,1,,,,,,,,,,3.0
5836960,"Itam MG, 50 mg Blister 56 Unidade(s) Comp revest pelic...[56]",1.0,42.0,1.0,"12,55","100,40","8,70",26.52,1,,,1,,1,,,1,,3,1,,8.0
4892287,"Itraconazol Generis MG, 100 mg x 16 cáps...[16]",2.0,42.0,2.0,"8,88","35,52","4,87",41.87,1,,,,2,,,1,,,,,,4.0
5314885,"Itraconazol Tolife MG, 100 mg x 16 cáps...[16]",8.0,42.0,8.0,"8,88","133,20","4,23",49.51,1,2,1,,,2,,1,1,2,2,3,,15.0
5314984,"Itraconazol Tolife MG, 100 mg x 32 cáps...[32]",7.0,42.0,7.0,"16,18","129,44","6,38",58.2,,2,,,,,,1,4,,1,,,8.0
5709555,"Ivabradina Krka MG, 5 mg x 56 comp rev...[56]",2.0,42.0,2.0,"20,75","20,75","6,17",68.48,,1,,,,,,,,,,,,1.0
5829569,"Lacosamida Farmoz MG, 150 mg Blister 56 Unidade(s) Comp revest pelic...[56]",2.0,42.0,2.0,"52,69","684,97","19,95",59.87,1,1,1,1,,2,,3,,1,1,2,,13.0
5829528,"Lacosamida Farmoz MG, 50 mg Blister 14 Unidade(s) Comp revest pelic...[14]",10.0,42.0,10.0,"8,99","251,72","5,56",34.44,4,4,4,6,4,4,2,,,,,,,28.0
5831128,"Lacosamida Mylan MG, 100 mg Blister 56 Unidade(s) Comp revest pelic...[56]",2.0,42.0,2.0,"38,54","578,10","16,33",55.09,3,3,1,,,1,,3,,3,,1,,15.0
5831144,"Lacosamida Mylan MG, 200 mg Blister 56 Unidade(s) Comp revest pelic...[56]",0.0,42.0,0.0,"71,94","143,88","58,17",14.29,,,,,2,,,,,,,,,2.0
5735527,"Lacosamida ratiopharm MG, 150 mg x 56 comp rev...[56]",0.0,42.0,0.0,"55,47","55,47","42,16",19.43,,,,,,,,1,,,,,,1.0
5670401,"Lactulose Farmoz MG, 667 mg/ml Frasco 200 ml Xar...[1]",1.0,42.0,1.0,"6,85","260,30","2,91",54.97,10,3,1,4,1,2,2,2,5,1,4,2,1,38.0
5824743,"Lactulose Generis MG, 10 g/15 ml 20 Saqueta 15 ml Xar...[20]",2.0,42.0,2.0,"9,80","284,20","3,42",63.01,3,2,1,1,,2,3,2,5,2,3,5,,29.0
5720131,"Lamotrigina Generis MG, 200 mg Blister 56 Unidade(s) Comp...[56]",5.0,42.0,5.0,"22,55","608,85","12,99",38.94,1,5,1,3,5,1,2,2,2,1,3,,1,27.0
5720107,"Lamotrigina Generis MG, 50 mg x 56 comp...[56]",3.0,42.0,3.0,"6,24","37,44","3,72",36.81,1,3,,,,1,,,,,1,,,6.0
5064001,"Lamotrigina toLife MG, 100 mg x 56 comp...[56]",8.0,42.0,8.0,"12,48","648,96","5,74",51.25,6,3,4,6,4,2,2,9,3,3,5,3,2,52.0
5063961,"Lamotrigina toLife MG, 50 mg Blister 56 Unidade(s) Comp...[56]",3.0,42.0,3.0,"6,24","74,88","2,90",50.74,2,,1,,3,2,,1,,1,1,1,,12.0
3246691,"Lansoprazol Baldacci MG, 30 mg Frasco 60 Unidade(s) Caps GR...[60]",3.0,42.0,3.0,"9,50","532,00","6,63",26.02,6,7,4,6,2,3,6,7,3,4,3,4,1,56.0
4277695,"Lansoprazol Farmoz MG, 15 mg Frasco 60 Unidade(s) Caps GR...[60]",1.0,42.0,1.0,"8,49","84,90","3,46",56.8,,1,1,1,1,,2,1,,1,1,1,,10.0
4333498,"Lansoprazol Farmoz MG, 30 mg Frasco 60 Unidade(s) Caps GR...[60]",2.0,42.0,2.0,"8,83","26,49","3,63",56.42,,,,,,,,,1,1,1,,,3.0
2948099,"Lansoprazol Gastroliber MG, 30 mg Frasco 60 Unidade(s) Caps GR...[60]",4.0,42.0,4.0,"9,97","119,64","3,19",66.08,,,,,,,,2,1,3,3,3,,12.0
5039607,"Lansoprazol Krka MG, 15 mg Blister 56 Unidade(s) Caps GR...[56]",8.0,42.0,8.0,"7,93","174,46","2,64",64.71,2,1,1,2,1,2,1,2,1,3,5,,1,22.0
5039623,"Lansoprazol Krka MG, 30 mg Blister 56 Unidade(s) Caps GR...[56]",0.0,42.0,0.0,"9,59","584,99","3,38",62.64,5,12,7,5,7,7,6,7,4,1,,,,61.0
5297288,"Lansoprazol Teva MG, 30 mg Blister 56 Unidade(s) Caps GR...[56]",0.0,42.0,0.0,"6,48","6,48","4,85",20.66,,,,,,,,1,,,,,,1.0
5102843,"Lansoprazol ToLife MG, 30 mg Blister 56 Unidade(s) Caps GR...[56]",12.0,42.0,12.0,"9,97","648,05","3,56",62.15,6,2,8,7,4,5,8,6,5,5,6,3,,65.0
5107719,"Lansoprazol Zentiva MG, 30 mg Blister 56 Unidade(s) Caps GR...[56]",8.0,42.0,8.0,"9,82","245,50","3,48",62.44,,2,1,2,1,4,3,2,1,2,4,3,,25.0
5554019,Laxido Laranja MG x 30 pó sol oral saq...[30],0.0,42.0,0.0,"17,15","34,30","11,71",27.62,,,,,,,,2,,,,,,2.0
5587274,"Leflunomida Farmoz MG, 20 mg x 30 comp rev...[30]",0.0,42.0,0.0,"31,18","187,08","13,84",52.95,,1,1,,2,,,,,,1,1,,6.0
5340435,"Leflunomida Medac MG, 10 mg Frasco 30 Unidade(s) Comp revest pelic...[30]",2.0,42.0,2.0,"22,30","379,10","15,99",23.99,3,,1,,2,,1,1,3,1,3,2,,17.0
5340450,"Leflunomida Medac MG, 20 mg Frasco 30 Unidade(s) Comp revest pelic...[30]",2.0,42.0,2.0,"31,00","465,00","20,45",30.07,1,,,1,2,,3,2,1,2,1,1,1,15.0
5239546,"Lercanidipina Aurovitas MG, 20 mg Blister 28 Unidade(s) Comp revest pelic...[28]",2.0,42.0,2.0,"6,68","20,04","1,93",69.37,,,,,,,1,1,1,,,,,3.0
5289756,"Lercanidipina Ciclum MG, 10 mg Blister 56 Unidade(s) Comp revest pelic...[56]",2.0,42.0,2.0,"9,19","248,13","6,35",26.76,1,3,2,1,5,3,1,2,3,1,4,1,,27.0
5289772,"Lercanidipina Ciclum MG, 20 mg Blister 28 Unidade(s) Comp revest pelic...[28]",1.0,42.0,1.0,"6,68","93,52","5,03",20.18,2,,1,2,1,1,,2,1,2,1,1,,14.0
5251400,"Lercanidipina Farmoz MG, 10 mg Blister 56 Unidade(s) Comp revest pelic...[56]",14.0,42.0,14.0,"9,82","834,70","3,54",61.79,10,6,9,3,9,7,6,7,8,6,9,4,1,85.0
5251426,"Lercanidipina Farmoz MG, 20 mg Blister 28 Unidade(s) Comp revest pelic...[28]",16.0,42.0,16.0,"6,68","414,16","2,71",57.0,3,4,7,4,9,2,6,3,7,5,6,5,1,62.0
5239579,"Lercanidipina Mylan MG, 10 mg Blister 56 Unidade(s) Comp revest pelic...[56]",9.0,42.0,9.0,"9,19","799,53","2,56",70.47,5,4,5,8,11,5,11,8,5,6,11,7,1,87.0
5239603,"Lercanidipina Mylan MG, 20 mg Blister 28 Unidade(s) Comp revest pelic...[28]",12.0,42.0,12.0,"6,68","828,32","2,03",67.79,8,7,10,9,9,11,10,13,12,10,11,11,3,124.0
5623855,"Lercanidipina Sandoz MG, 10 mg Blister 56 Unidade(s) Comp revest pelic...[56]",13.0,42.0,13.0,"9,82","1.139,12","5,61",39.44,9,9,14,11,6,11,11,11,9,7,10,7,1,116.0
5623863,"Lercanidipina Sandoz MG, 20 mg Blister 28 Unidade(s) Comp revest pelic...[28]",12.0,42.0,12.0,"6,68","474,28","4,03",36.05,3,4,6,7,6,2,6,6,11,5,2,13,,71.0
5894712,"Lercanidipina toLife MG, 10 mg Blister 56 Unidade(s) Comp revest pelic...[56]",12.0,42.0,12.0,"5,65","141,25","1,33",75.05,,,,2,3,,1,2,3,6,3,5,,25.0
5894720,"Lercanidipina toLife MG, 20 mg Blister 28 Unidade(s) Comp revest pelic...[28]",0.0,42.0,0.0,"4,44","22,20","2,15",48.67,,,,,,,1,,,,2,2,,5.0
5819131,"Letrozol Alter MG, 2.5 mg Blister 30 Unidade(s) Comp revest pelic...[30]",1.0,42.0,1.0,"26,96","350,48","20,10",20.97,,4,,2,1,,2,,,1,,3,,13.0
5496609,"Levetiracetam Aurobindo MG, 500 mg Blister 60 Unidade(s) Comp revest pelic...[60]",3.0,42.0,3.0,"16,33","114,31","4,33",71.89,1,,1,,,,,,2,1,2,,,7.0
5383351,"Levetiracetam Cinaz MG, 100 mg/ml Frasco 300 ml Sol oral...[1]",7.0,42.0,7.0,"14,10","437,10","9,51",28.51,2,2,4,1,2,1,,,4,6,4,5,,31.0
5383617,"Levetiracetam Farmoz MG, 250 mg Blister 60 Unidade(s) Comp revest pelic...[60]",0.0,42.0,0.0,"12,31","24,62","5,70",50.92,1,,,,,,1,,,,,,,2.0
5729256,"Levetiracetam Tecnigen MG, 1000 mg Blister 60 Unidade(s) Comp revest pelic...[60]",12.0,42.0,12.0,"24,33","1.070,52","11,95",47.94,1,4,5,4,5,3,4,2,4,2,8,2,,44.0
5729249,"Levetiracetam Tecnigen MG, 500 mg Blister 60 Unidade(s) Comp revest pelic...[60]",11.0,42.0,11.0,"13,55","745,25","6,43",49.7,2,6,1,7,9,4,5,3,2,3,8,5,,55.0
5443270,"Levetiracetam Zentiva MG, 250 mg Blister 60 Unidade(s) Comp revest pelic...[60]",16.0,42.0,16.0,"9,58","450,26","3,36",62.82,1,3,4,4,4,4,5,6,2,8,3,3,,47.0
5443379,"Levetiracetam Zentiva MG, 500 mg Blister 60 Unidade(s) Comp revest pelic...[60]",16.0,42.0,16.0,"16,75","1.021,75","5,96",62.28,8,4,4,1,10,4,8,3,4,9,3,3,,61.0
5227202,"Levocetirizina Generis MG, 5 mg Blister 21 Unidade(s) Comp revest pelic...[21]",6.0,42.0,6.0,"4,71","42,39","1,30",70.74,,,,1,,1,,2,1,3,1,,,9.0
5185905,"Levocetirizina Krka MG, 5 mg x 14 comp rev...[14]",1.0,42.0,1.0,"4,06","4,06","1,16",69.71,,,,,,,1,,,,,,,1.0
5185921,"Levocetirizina Krka MG, 5 mg x 21 comp rev...[21]",10.0,42.0,10.0,"4,45","267,00","1,29",69.27,6,3,2,7,6,5,4,7,4,4,5,7,,60.0
5681655,"Levodonna MG, 1,5 mg x 1 comp...[1]",10.0,42.0,10.0,"14,95","867,10","3,60",74.47,3,4,1,2,7,7,7,6,6,2,6,7,,58.0
5675756,"Levodopa/Carbidopa Pharmakern MG, 100 mg + 25 mg Blister 60 Unidade(s) Comp...[60]",3.0,42.0,3.0,"5,08","10,16","2,55",46.79,,,,,,,,,,,,2,,2.0
5606397,"Levofloxacina Farmoz MG, 250 mg x 10 comp rev...[10]",0.0,42.0,0.0,"6,68","20,04","3,04",51.76,,,,,,,1,,,1,,,1,3.0
5606298,"Levofloxacina Farmoz MG, 250 mg x 7 comp rev...[7]",2.0,42.0,2.0,"5,30","10,60","2,34",53.2,1,,,,,,,,,,,1,,2.0
5606892,"Levofloxacina Farmoz MG, 500 mg x 10 comp rev...[10]",4.0,42.0,4.0,"9,05","162,90","3,24",62.05,3,,,,1,6,1,1,2,2,,2,,18.0
5606793,"Levofloxacina Farmoz MG, 500 mg x 7 comp rev...[7]",8.0,42.0,8.0,"6,10","79,30","2,27",60.55,,,,5,2,,2,,,3,1,,,13.0
5379938,"Lidina MG, 0,125 mg/0,5 mL x 20 sol col unidose...[20]",0.0,42.0,0.0,"10,10","222,20","6,70",29.68,1,5,2,6,2,4,2,,,,,,,22.0
3584984,"Lisinopril Ratiopharm MG, 20 mg Blister 60 Unidade(s) Comp...[60]",2.0,42.0,2.0,"9,44","320,96","6,57",26.23,3,1,5,,4,1,7,2,2,2,4,3,,34.0
4903589,"Lisinopril Sandoz MG, 20 mg Blister 56 Unidade(s) Comp...[56]",20.0,42.0,20.0,"9,12","1.094,40","2,54",70.48,16,7,15,5,7,14,6,8,15,11,11,4,1,120.0
4903282,"Lisinopril Sandoz MG, 5 mg Blister 56 Unidade(s) Comp...[56]",8.0,42.0,8.0,"5,64","236,88","1,67",68.61,4,5,4,5,2,4,1,3,2,4,4,4,,42.0
5068184,"Lisinopril toLife 20 mg Comprimidos MG, 20 mg Blister 60 Unidade(s) Comp...[60]",20.0,42.0,20.0,"9,61","720,75","3,87",57.31,6,7,4,6,4,7,6,6,8,5,7,9,,75.0
5067384,"Lisinopril toLife 5 mg Comprimidos MG, 5 mg Blister 60 Unidade(s) Comp...[60]",9.0,42.0,9.0,"6,16","283,36","2,77",52.33,6,6,7,2,4,4,5,3,5,1,,3,,46.0
4768685,"Lisinopril Zentiva MG, 20 mg Blister 60 Unidade(s) Comp...[60]",3.0,42.0,3.0,"9,44","37,76","4,38",50.82,,,1,,1,,1,,,1,,,,4.0
4768388,"Lisinopril Zentiva MG, 5 mg Blister 60 Unidade(s) Comp...[60]",2.0,42.0,2.0,"4,71","32,97","1,66",62.64,1,1,,1,1,,1,,1,,1,,,7.0
4938585,"Lisinopril/Hidroclorotiazida Ratiopharm MG, 20 mg + 12.5 mg Blister 60 Unidade(s) Comp...[60]",1.0,42.0,1.0,"11,54","207,72","7,81",28.26,4,1,3,2,2,,1,,,,2,3,,18.0
4840385,"Lisinopril/Hidroclorotiazida Sandoz MG, 20 mg + 12.5 mg Blister 56 Unidade(s) Comp...[56]",10.0,42.0,10.0,"11,51","725,13","3,19",70.62,9,3,4,4,4,5,2,5,6,5,9,4,3,63.0
5100383,"Lisinopril/Hidroclorotiazida toLife 20 mg + 12,5 mg Comprimidos MG, 20 mg + 12.5 mg Blister 60 Unidade(s) Comp...[60]",15.0,42.0,15.0,"11,90","725,90","4,58",59.2,,5,7,5,4,6,6,6,3,4,6,9,,61.0
5476817,"Lisinopril/Hidroclorotiazida Vitória MG, 20 mg + 12.5 mg Blister 56 Unidade(s) Comp...[56]",3.0,42.0,3.0,"9,58","114,96","3,36",62.82,,2,,1,1,,1,2,1,1,,3,,12.0
5052931,"Loperamida Generis MG, 2 mg Blister 20 Unidade(s) Comp...[20]",19.0,42.0,19.0,"3,64","269,36","1,78",48.16,6,4,4,7,8,4,5,3,6,14,3,9,1,74.0
4230983,"Loratadina 1Apharma MG, 10 mg x 20 comp...[20]",3.0,42.0,3.0,"4,05","76,95","1,10",71.21,2,2,4,,1,5,,2,1,1,1,,,19.0
5479787,"Lorazepam Generis MG, 1 mg Blister 60 Unidade(s) Comp...[60]",3.0,42.0,3.0,"3,13","46,95","1,75",40.73,,,,3,,2,1,2,,1,2,4,,15.0
5464763,"Lorazepam Pharmakern MG, 1 mg Blister 60 Unidade(s) Comp...[60]",17.0,42.0,17.0,"3,01","294,98","1,10",61.26,9,8,9,4,7,10,7,7,12,8,8,8,1,98.0
5663612,"Lorazepam Pharmakern MG, 2.5 mg Blister 60 Unidade(s) Comp...[60]",7.0,42.0,7.0,"4,57","137,10","1,92",55.47,8,1,1,2,3,1,3,,3,3,1,4,,30.0
5017868,"Losartan Basi MG, 12.5 mg Blister 56 Unidade(s) Comp revest pelic, 12.5 mg x 56 comp rev...[56]",0.0,42.0,0.0,"3,84","11,52","2,54",29.89,,,,,,,1,1,,,,,1,3.0
5164579,"Losartan Bluepharma MG, 50 mg Blister 60 Unidade(s) Comp revest pelic...[60]",0.0,42.0,0.0,"8,40","8,40","2,85",64.04,,,,1,,,,,,,,,,1.0
5012257,"Losartan Ciclum MG, 100 mg Blister 56 Unidade(s) Comp revest...[56]",1.0,42.0,1.0,"9,79","137,06","6,88",25.51,1,1,1,,,2,2,2,,1,2,2,,14.0
3847191,"Losartan Farmoz MG, 100 mg Blister 60 Unidade(s) Comp revest pelic...[60]",4.0,42.0,4.0,"12,16","304,00","4,20",63.39,5,2,1,,1,5,1,3,,1,3,3,,25.0
3846995,"Losartan Farmoz MG, 50 mg Blister 60 Unidade(s) Comp revest pelic...[60]",2.0,42.0,2.0,"6,66","33,30","2,53",59.73,,1,,,,,,1,,2,,1,,5.0
5089552,"Losartan Krka MG, 100 mg Blister 56 Unidade(s) Comp revest pelic...[56]",14.0,42.0,14.0,"11,63","1.046,70","3,26",70.29,7,5,9,8,8,5,11,5,7,10,9,5,1,90.0
5767587,"Losartan Krka MG, 50 mg Blister 56 Unidade(s) Comp revest pelic...[56]",11.0,42.0,11.0,"6,52","541,16","2,01",67.32,3,8,12,6,7,7,6,4,11,7,3,8,1,83.0
5792395,"Losartan Sandoz MG, 100 mg Blister 30 Unidade(s) Comp revest pelic...[30]",0.0,42.0,0.0,"8,98","8,98","3,19",62.35,,1,,,,,,,,,,,,1.0
5792197,"Losartan Sandoz MG, 50 mg Blister 60 Unidade(s) Comp revest pelic...[60]",2.0,42.0,2.0,"12,25","257,25","3,82",66.95,3,2,4,4,4,1,,,1,,1,1,,21.0
5040829,"Losartan Tecnigen MG, 50 mg Blister 60 Unidade(s) Comp revest pelic...[60]",1.0,42.0,1.0,"5,96","29,80","2,64",53.05,,,1,,,1,,1,,1,,1,,5.0
5793690,"Losartan ToLife MG, 100 mg Blister 60 Unidade(s) Comp revest pelic...[60]",4.0,42.0,4.0,"14,10","211,50","6,05",54.52,,2,2,3,,,1,1,1,,4,,1,15.0
5793393,"Losartan ToLife MG, 50 mg Blister 60 Unidade(s) Comp revest pelic...[60]",10.0,42.0,10.0,"6,68","193,72","3,15",50.01,2,4,3,2,2,3,6,4,1,,,,2,29.0
5080536,"Losartan/Hidroclorotiazida Ciclum MG, 50 mg + 12.5 mg Blister 56 Unidade(s) Comp revest pelic...[56]",1.0,42.0,1.0,"4,21","8,42","2,87",27.74,,1,,1,,,,,,,,,,2.0
5109244,"Losartan/Hidroclorotiazida Cotiasar MG, 100 mg + 25 mg Blister 28 Unidade(s) Comp revest pelic...[28]",5.0,42.0,5.0,"6,68","93,52","2,53",59.85,1,3,,,2,1,3,,2,,,2,,14.0
3841293,"Losartan/Hidroclorotiazida Farmoz MG, 50 mg + 12.5 mg Blister 60 Unidade(s) Comp revest pelic...[60]",2.0,42.0,2.0,"6,68","20,04","2,53",59.85,,,1,,,,,,,1,1,,,3.0
5532395,"Losartan/Hidroclorotiazida Jaba MG, 50 mg + 12.5 mg Blister 56 Unidade(s) Comp revest...[56]",0.0,42.0,0.0,"5,77","17,31","4,23",22.29,,,,,,,,,,,3,,,3.0
5295738,"Losartan/Hidroclorotiazida Krka MG, 100 mg + 12.5 mg Blister 28 Unidade(s) Comp revest pelic...[28]",15.0,42.0,15.0,"7,87","787,00","2,16",70.91,15,8,10,8,7,5,12,4,8,5,7,8,3,100.0
5148408,"Losartan/Hidroclorotiazida Krka MG, 100 mg + 25 mg Blister 28 Unidade(s) Comp revest pelic...[28]",6.0,42.0,6.0,"5,36","611,04","1,64",67.57,11,12,8,5,13,7,8,7,11,13,11,8,,114.0
5026018,"Losartan/Hidroclorotiazida Krka MG, 50 mg + 12.5 mg Blister 56 Unidade(s) Comp revest pelic...[56]",13.0,42.0,13.0,"6,68","380,76","2,10",66.68,2,6,3,3,5,6,3,5,3,6,6,9,,57.0
5159462,"Losartan/Hidroclorotiazida Sandoz MG, 100 mg + 12.5 mg Blister 28 Unidade(s) Comp revest pelic...[28]",0.0,42.0,0.0,"8,56","8,56","3,61",55.3,1,,,,,,,,,,,,,1.0
5159637,"Losartan/Hidroclorotiazida toLife MG, 100 mg + 12.5 mg Blister 28 Unidade(s) Comp revest pelic...[28]",5.0,42.0,5.0,"8,56","273,92","3,20",60.37,5,2,3,1,6,2,1,2,2,2,,5,1,32.0
5109715,"Losartan/Hidroclorotiazida toLife MG, 100 mg + 25 mg Blister 28 Unidade(s) Comp revest pelic...[28]",9.0,42.0,9.0,"6,68","160,32","2,79",55.73,1,1,1,2,3,1,3,1,,2,2,6,1,24.0
5022264,"Losartan/Hidroclorotiazida toLife MG, 50 mg + 12.5 mg Blister 60 Unidade(s) Comp revest pelic...[60]",6.0,42.0,6.0,"9,97","408,77","3,89",58.64,5,6,1,4,1,3,3,3,4,3,4,4,,41.0
5286901,"Lowelle MG, 0.015 mg + 0.06 mg Blister 84 Unidade(s) Comp revest pelic...[84]",1.0,42.0,1.0,"9,49","37,96","6,62",26.06,,1,,1,,,,1,,,1,,,4.0
5818950,"Melatonina Generis MG, 2 mg Blister 21 Unidade(s) Comp LP...[21]",1.0,42.0,1.0,"9,97","219,34","4,24",54.92,2,2,,1,2,4,3,2,2,3,,1,,22.0
5909569,"Melatonina Generis MG, 2 mg Blister 30 Unidade(s) Comp LP...[30]",2.0,42.0,2.0,"12,87","12,87","5,18",57.34,,,,,,,,,,,,1,,1.0
5863709,"Melatonina Generis MG, 2 mg Blister 60 Unidade(s) Comp LP...[60]",4.0,42.0,4.0,"25,35","228,15","11,27",52.87,1,,,1,2,,1,1,,1,,2,,9.0
5380639,"Meloxicam Generis MG, 15 mg Blister 60 Unidade(s) Comp...[60]",3.0,42.0,3.0,"6,68","106,88","2,54",59.69,1,1,,,1,2,1,1,3,2,2,1,1,16.0
5453196,"Meloxicam GP MG, 15 mg x 20 comp, 15 mg x 20 comp...[20]",0.0,42.0,0.0,"4,18","33,44","3,15",20.12,,1,,,4,,2,,,,,,1,8.0
5476551,"Meloxicam Ratiopharm MG, 15 mg x 60 comp...[60]",2.0,42.0,2.0,"9,62","240,50","6,73",25.84,4,1,4,1,3,3,2,2,1,1,2,1,,25.0
5028279,"Meloxicam Vitória MG, 7.5 mg Blister 20 Unidade(s) Comp...[20]",1.0,42.0,1.0,"4,12","45,32","1,68",56.78,2,1,1,1,1,1,1,1,,,1,1,,11.0
5028311,"Meloxicam Vitória MG, 7.5 mg Blister 60 Unidade(s) Comp...[60]",2.0,42.0,2.0,"9,08","54,48","6,25",27.04,1,,,1,,1,2,,,1,,,,6.0
5579156,"Memantina Aurobindo MG, 20 mg Blister 28 Unidade(s) Comp revest pelic...[28]",9.0,42.0,9.0,"14,08","352,00","3,55",73.27,,,,,,,4,3,2,6,5,5,,25.0
5492269,"Memantina Farmoz MG, 10 mg Blister 56 Unidade(s) Comp revest pelic...[56]",9.0,42.0,9.0,"14,08","267,52","5,70",57.09,,,,,,,3,7,3,2,2,2,,19.0
5474929,"Memantina Krka MG, 10 mg Blister 28 Unidade(s) Comp revest pelic...[28]",2.0,42.0,2.0,"10,99","109,90","3,04",70.68,,2,1,1,1,1,1,,1,,1,1,,10.0
5474937,"Memantina Krka MG, 10 mg Blister 56 Unidade(s) Comp revest pelic...[56]",31.0,42.0,31.0,"14,08","985,60","5,57",58.07,10,10,12,16,6,7,2,,4,2,1,,,70.0
5473772,"Memantina Krka MG, 20 mg Blister 28 Unidade(s) Comp revest pelic...[28]",22.0,42.0,22.0,"14,08","760,32","3,94",70.34,12,7,8,9,9,5,2,,,,,1,1,54.0
5492350,"Memantina Pentafarma MG, 10 mg Blister 56 Unidade(s) Comp revest pelic...[56]",7.0,42.0,7.0,"17,61","281,76","4,79",71.17,2,,2,1,,,,4,1,2,2,1,1,16.0
5492376,"Memantina Pentafarma MG, 20 mg Blister 28 Unidade(s) Comp revest pelic...[28]",7.0,42.0,7.0,"17,61","669,18","4,79",71.17,3,4,3,4,5,1,3,2,2,4,4,3,,38.0
5565171,"Memantina Pharmakern MG, 20 mg Blister 28 Unidade(s) Comp...[28]",1.0,42.0,1.0,"14,08","154,88","4,04",69.59,,1,1,1,1,1,2,1,2,1,,,,11.0
5474853,"Memantina TAD MG, 10 mg Blister 56 Unidade(s) Comp revest pelic...[56]",3.0,42.0,3.0,"18,90","245,70","5,39",69.77,,4,1,1,,2,2,,,1,1,1,,13.0
5474879,"Memantina TAD MG, 20 mg Blister 28 Unidade(s) Comp revest pelic...[28]",5.0,42.0,5.0,"18,90","434,70","5,44",69.49,2,2,1,3,2,,5,3,,2,3,,,23.0
5550413,"Memantina toLife MG, 10 mg Blister 56 Unidade(s) Comp revest pelic...[56]",7.0,42.0,7.0,"14,08","478,72","5,05",61.98,1,1,,,1,2,6,3,5,5,6,2,2,34.0
5550447,"Memantina toLife MG, 20 mg Blister 28 Unidade(s) Comp revest pelic...[28]",6.0,42.0,6.0,"14,08","408,32","5,06",61.91,1,,3,1,4,,6,2,5,2,3,2,,29.0
5859954,"Metamizol Magnésico Tolife MG, 575 mg Blister 20 Unidade(s) Caps...[20]",21.0,42.0,21.0,"2,61","368,01","1,03",58.17,18,18,13,11,9,5,6,14,9,3,13,19,3,141.0
5859970,"Metamizol Magnésico Tolife MG, 575 mg Blister 60 Unidade(s) Caps...[60]",42.0,42.0,42.0,"5,77","669,32","2,98",45.25,13,14,7,12,17,12,11,7,4,5,8,4,2,116.0
5516984,"Metamizol Vitória MG, 575 mg Blister 20 Unidade(s) Caps...[20]",28.0,42.0,28.0,"2,77","105,26","1,22",53.31,3,5,9,1,3,3,2,1,3,6,1,1,,38.0
5818869,"Metformina + Vildagliptina Krka MG, 1000 mg + 50 mg Blister 60 Unidade(s) Comp revest pelic...[60]",0.0,42.0,0.0,"21,45","235,95","7,67",62.1,,2,1,2,1,2,1,2,,,,,,11.0
5809314,"Metformina + Vildagliptina Pharmakern MG, 1000 mg + 50 mg Blister 60 Unidade(s) Comp revest pelic...[60]",0.0,42.0,0.0,"14,10","70,50","6,05",54.52,,,,,,,3,2,,,,,,5.0
5811849,"Metformina + Vildagliptina Sandoz MG, 1000 mg + 50 mg Blister 60 Unidade(s) Comp revest pelic...[60]",0.0,42.0,0.0,"19,35","58,05","9,36",48.73,2,1,,,,,,,,,,,,3.0
5171533,"Metformina Aurobindo MG, 1000 mg Blister 60 Unidade(s) Comp revest pelic...[60]",2.0,42.0,2.0,"3,05","42,70","1,49",48.22,2,,4,1,1,1,1,,,1,,2,1,14.0
5062369,"Metformina Ciclum MG, 500 mg Blister 20 Unidade(s) Comp revest pelic...[20]",0.0,42.0,0.0,"1,67","1,67","0,91",42.24,,,,,,,,,1,,,,,1.0
5731518,"Metformina Generis MG, 1000 mg Blister 60 Unidade(s) Comp revest pelic...[60]",2.0,42.0,2.0,"4,56","13,68","2,39",44.44,,,1,,,,,,,1,1,,,3.0
5731476,"Metformina Generis MG, 500 mg Blister 60 Unidade(s) Comp revest pelic...[60]",16.0,42.0,16.0,"2,83","288,66","1,25",53.18,4,4,4,6,6,6,10,13,10,12,13,10,4,102.0
5304472,"Metformina Mylan MG, 1000 mg Blister 60 Unidade(s) Comp revest pelic...[60]",1.0,42.0,1.0,"3,17","63,40","1,17",60.88,1,2,1,1,1,3,2,1,2,3,2,,1,20.0
5304431,"Metformina Mylan MG, 500 mg Blister 60 Unidade(s) Comp revest pelic...[60]",6.0,42.0,6.0,"2,09","137,94","0,81",58.92,3,11,5,3,6,5,8,3,6,5,6,4,1,66.0
5563689,"Metformina Ratiopharm MG, 500 mg Blister 60 Unidade(s) Comp revest pelic...[60]",2.0,42.0,2.0,"2,83","59,43","1,74",34.83,4,2,1,3,1,,1,1,3,2,2,,1,21.0
5174586,"Metformina Sandoz MG, 1000 mg Blister 60 Unidade(s) Comp revest pelic...[60]",22.0,42.0,22.0,"4,51","1.781,45","1,43",66.39,41,32,40,37,36,23,26,28,38,27,35,30,2,395.0
4985685,"Metformina Sandoz MG, 850 mg Blister 60 Unidade(s) Comp revest pelic...[60]",12.0,42.0,12.0,"3,70","1.017,50","1,32",62.18,27,13,23,16,30,18,22,28,18,22,27,30,1,275.0
5755715,"Metformina ToLife MG, 1000 mg Blister 60 Unidade(s) Comp revest pelic...[60]",12.0,42.0,12.0,"3,67","102,76","1,41",59.28,3,5,1,4,1,2,2,3,1,1,,5,,28.0
5755673,"Metformina ToLife MG, 500 mg Blister 60 Unidade(s) Comp revest pelic...[60]",28.0,42.0,28.0,"2,45","556,15","1,13",51.11,20,19,16,19,22,13,26,13,19,17,22,20,1,227.0
5755707,"Metformina ToLife MG, 850 mg Blister 60 Unidade(s) Comp revest pelic...[60]",12.0,42.0,12.0,"2,77","188,36","1,13",56.76,5,4,8,,5,4,7,2,9,6,8,9,1,68.0
5080262,"Metformina Zentiva MG, 1000 mg Blister 60 Unidade(s) Comp revest pelic...[60]",1.0,42.0,1.0,"4,37","52,44","1,52",63.13,,1,1,1,1,1,2,,1,1,1,2,,12.0
5864343,"Metformina/Sitagliptina Farmoz MG, 1000 mg + 50 mg Blister 56 Unidade(s) Comp revest pelic...[56]",14.0,42.0,14.0,"12,92","684,76","4,54",62.75,6,7,3,3,1,7,2,5,4,6,5,3,1,53.0
5864319,"Metformina/Sitagliptina Farmoz MG, 850 mg + 50 mg Blister 56 Unidade(s) Comp revest pelic...[56]",3.0,42.0,3.0,"13,69","273,80","4,72",63.45,4,,2,3,,1,2,2,2,1,1,2,,20.0
5831300,"Metformina/Sitagliptina Generis MG, 1000 mg + 50 mg Blister 56 Unidade(s) Comp revest pelic...[56]",6.0,42.0,6.0,"18,68","317,56","4,53",74.29,1,,1,1,3,,1,4,,3,2,1,,17.0
5831276,"Metformina/Sitagliptina Generis MG, 850 mg + 50 mg Blister 56 Unidade(s) Comp revest pelic...[56]",0.0,42.0,0.0,"19,77","39,54","4,87",73.89,,,,1,,1,,,,,,,,2.0
5834932,"Metformina/Sitagliptina Krka MG, 1000 mg + 50 mg Blister 56 Unidade(s) Comp revest pelic...[56]",26.0,42.0,26.0,"21,80","4.229,20","6,45",68.64,13,19,20,17,20,18,13,15,11,12,11,24,1,194.0
5834924,"Metformina/Sitagliptina Krka MG, 850 mg + 50 mg Blister 56 Unidade(s) Comp revest pelic...[56]",3.0,42.0,3.0,"23,08","300,04","6,94",68.13,1,,1,2,1,3,2,,,1,1,1,,13.0
5819206,"Metformina/Sitagliptina Sandoz MG, 1000 mg + 50 mg Blister 56 Unidade(s) Comp revest pelic...[56]",6.0,42.0,6.0,"21,08","1.075,08","8,03",59.62,3,3,4,5,1,3,4,5,5,8,3,5,2,51.0
5811211,"Metformina/Sitagliptina Sandoz MG, 850 mg + 50 mg Blister 56 Unidade(s) Comp revest pelic...[56]",55.0,42.0,55.0,"23,08","346,20","7,89",63.76,1,3,1,3,,1,,1,,1,2,2,,15.0
5818844,"Metformina/Vildagliptina Krka MG, 850 mg + 50 mg Blister 60 Unidade(s) Comp revest pelic...[60]",4.0,42.0,4.0,"24,30","558,90","8,93",61.05,3,3,2,2,3,1,1,1,1,2,1,3,,23.0
5833017,"Metformina/Vildagliptina Mylan MG, 1000 mg + 50 mg Blister 60 Unidade(s) Comp revest pelic...[60]",6.0,42.0,6.0,"11,47","883,19","5,43",49.82,6,4,4,8,4,6,11,6,7,9,6,4,2,77.0
5840152,"Metformina/Vildagliptina Pentafarma MG, 1000 mg + 50 mg Blister 60 Unidade(s) Comp revest pelic...[60]",26.0,42.0,26.0,"10,64","1.202,32","3,48",65.33,6,7,9,8,8,10,5,8,17,10,16,9,,113.0
5840137,"Metformina/Vildagliptina Pentafarma MG, 850 mg + 50 mg Blister 60 Unidade(s) Comp revest pelic...[60]",2.0,42.0,2.0,"11,72","199,24","4,31",61.02,2,1,,1,4,1,4,,,1,1,2,,17.0
5829130,"Metformina/Vildagliptina toLife MG, 1000 mg + 50 mg Blister 60 Unidade(s) Comp revest pelic...[60]",0.0,42.0,0.0,"12,08","48,32","5,89",48.32,,1,1,1,1,,,,,,,,,4.0
5829155,"Metformina/Vildagliptina toLife MG, 850 mg + 50 mg Blister 60 Unidade(s) Comp revest pelic...[60]",6.0,42.0,6.0,"13,69","465,46","6,80",47.35,2,3,1,2,2,1,4,4,6,2,3,4,,34.0
5768213,"Metilfenidato Ciclum MG, 10 mg Frasco 30 Unidade(s) Caps LM...[30]",1.0,42.0,1.0,"5,21","31,26","3,74",23.91,,,1,,1,,1,,,2,,1,,6.0
5836804,"Metilfenidato Ciclum MG, 18 mg Frasco 30 Unidade(s) Comp LP...[30]",1.0,42.0,1.0,"13,77","41,31","9,76",24.87,1,1,,,1,,,,,,,,,3.0
5768221,"Metilfenidato Ciclum MG, 20 mg Frasco 30 Unidade(s) Caps LM...[30]",1.0,42.0,1.0,"9,97","89,73","7,04",25.15,1,1,,2,1,1,,1,,2,,,,9.0
5768239,"Metilfenidato Ciclum MG, 30 mg Frasco 30 Unidade(s) Caps LM...[30]",1.0,42.0,1.0,"12,26","36,78","8,44",27.03,,,,,,1,,1,,1,,,,3.0
5836820,"Metilfenidato Ciclum MG, 36 mg Frasco 30 Unidade(s) Comp LP...[30]",3.0,42.0,3.0,"18,53","389,13","12,67",27.52,,6,1,1,1,,2,,2,,4,1,3,21.0
5768247,"Metilfenidato Ciclum MG, 40 mg Frasco 30 Unidade(s) Caps LM...[30]",0.0,42.0,0.0,"16,30","16,30","10,71",30.35,,,1,,,,,,,,,,,1.0
5591425,"Metilfenidato Farmoz MG, 54 mg x 30 comp lib prol...[30]",3.0,42.0,3.0,"31,36","282,24","13,65",53.86,,,,4,1,2,,,,1,1,,,9.0
5831417,"Metilfenidato Generis MG, 18 mg Frasco 30 Unidade(s) Comp LP...[30]",2.0,42.0,2.0,"12,19","60,95","6,30",45.22,,,,1,,2,,,1,,1,,,5.0
5831474,"Metilfenidato Generis MG, 36 mg Frasco 30 Unidade(s) Comp LP...[30]",2.0,42.0,2.0,"16,25","16,25","8,01",47.75,,,,,,,,,,,1,,,1.0
5831441,"Metilfenidato Generis MG, 54 mg Frasco 30 Unidade(s) Comp LP...[30]",2.0,42.0,2.0,"18,48","73,92","9,50",45.51,,1,,,1,,1,,,,1,,,4.0
5694971,"Metilfenidato Mylan MG, 27 mg Frasco 30 Unidade(s) Comp LP...[30]",0.0,42.0,0.0,"21,06","42,12","13,42",32.45,,,,1,,1,,,,,,,,2.0
5563879,"Metilfenidato Sandoz MG, 27 mg x 30 comp lib prol...[30]",4.0,42.0,4.0,"25,49","127,45","11,33",52.88,1,,,,1,,1,,1,,,1,,5.0
5553102,"Metoprolol Aurobindo MG, 100 mg x 60 comp rev...[60]",0.0,42.0,0.0,"4,94","4,94","3,51",24.68,,,,,1,,,,,,,,,1.0
5797436,"Metrius MG, 2 mg Blister 28 Unidade(s) Comp...[28]",1.0,42.0,1.0,"13,95","27,90","9,92",24.62,,,,,1,,1,,,,,,,2.0
5797444,"Metrius MG, 2 mg Blister 84 Unidade(s) Comp...[84]",0.0,42.0,0.0,"39,50","79,00","27,99",24.89,,,1,,,,,1,,,,,,2.0
5801220,"Minipop MG, 0.075 mg Blister 28 Unidade(s) Comp revest pelic...[28]",1.0,42.0,1.0,"3,83","7,66","2,53",29.98,,1,,,1,,,,,,,,,2.0
5801238,"Minipop MG, 0.075 mg Blister 84 Unidade(s) Comp revest pelic...[84]",1.0,42.0,1.0,"9,54","57,24","6,66",26.0,1,,1,2,,1,,,1,,,,,6.0
5947783,"Mirtazapina Alter MG, 45 mg Blister 30 Unidade(s) Comp orodisp...[30]",2.0,42.0,2.0,"13,17","210,72","9,47",23.78,1,,2,,4,,3,1,,2,,1,2,16.0
5087945,"Mirtazapina Aurobindo MG, 15 mg Blister 30 Unidade(s) Comp orodisp...[30]",2.0,42.0,2.0,"6,38","19,14","3,10",48.5,,,,,,,1,1,,1,,,,3.0
5644612,"Mirtazapina Aurovitas MG, 15 mg Blister 56 Unidade(s) Comp revest pelic...[56]",8.0,42.0,8.0,"9,85","216,70","3,49",62.44,1,2,1,1,1,2,1,2,2,1,5,3,,22.0
5652391,"Mirtazapina Farmoz MG, 15 mg Blister 30 Unidade(s) Comp revest pelic...[30]",10.0,42.0,10.0,"4,96","193,44","2,12",54.69,3,3,3,5,4,4,4,3,3,1,3,3,,39.0
5653191,"Mirtazapina Farmoz 30 mg Comprimidos MG, 30 mg Blister 30 Unidade(s) Comp revest pelic...[30]",6.0,42.0,6.0,"8,70","330,60","3,56",56.63,3,2,,2,4,2,2,4,4,5,5,5,,38.0
5719836,"Mirtazapina Generis MG, 15 mg Blister 30 Unidade(s) Comp revest pelic...[30]",6.0,42.0,6.0,"6,49","110,33","2,20",64.07,,,,1,3,3,,2,1,1,3,3,,17.0
5106935,"Mirtazapina Generis MG, 30 mg Blister 30 Unidade(s) Comp orodisp...[30]",3.0,42.0,3.0,"9,55","219,65","5,34",40.73,3,3,1,3,,1,4,1,3,,2,,2,23.0
5106976,"Mirtazapina Generis MG, 45 mg Blister 30 Unidade(s) Comp orodisp...[30]",1.0,42.0,1.0,"13,17","13,17","7,40",40.44,,,,,,,,,,,1,,,1.0
5954888,"Mirtazapina KRKA MG, 15 mg Blister 60 Unidade(s) Comp orodisp...[60]",6.0,42.0,6.0,"12,44","311,00","3,56",69.67,1,4,1,2,2,3,1,3,2,3,2,1,,25.0
5955588,"Mirtazapina KRKA MG, 30 mg Blister 60 Unidade(s) Comp orodisp...[60]",3.0,42.0,3.0,"16,60","298,80","4,54",71.01,2,1,1,2,3,1,1,,3,1,2,1,,18.0
5362983,"Mirtazapina Krka MG, 30 mg Blister 60 Unidade(s) Comp revest pelic...[60]",9.0,42.0,9.0,"17,42","853,58","4,86",70.43,4,5,3,6,2,5,4,4,2,6,6,1,1,49.0
5956081,"Mirtazapina KRKA MG, 45 mg Blister 30 Unidade(s) Comp orodisp...[30]",0.0,42.0,0.0,"13,17","144,87","3,83",69.17,1,2,,1,2,1,2,,1,1,,,,11.0
5042478,"Mirtazapina Mylan MG, 15 mg Blister 30 Unidade(s) Comp orodisp...[30]",0.0,42.0,0.0,"6,10","48,80","2,72",52.73,2,1,1,,2,1,1,,,,,,,8.0
5204193,"Mirtazapina Psidep MG, 15 mg Blister 14 Unidade(s) Comp revest...[14]",0.0,42.0,0.0,"3,95","3,95","2,94",21.1,,,,,,,,,1,,,,,1.0
5850193,"Mirtazapina Psidep MG, 15 mg Blister 56 Unidade(s) Comp revest...[56]",14.0,42.0,14.0,"9,68","1.519,76","3,39",62.88,10,21,15,13,11,12,13,14,8,12,10,16,2,157.0
5879390,"Mirtazapina Psidep MG, 30 mg Blister 56 Unidade(s) Comp revest...[56]",21.0,42.0,21.0,"19,30","2.065,10","6,69",63.26,9,9,11,10,12,11,7,3,12,9,7,7,,107.0
5053020,"Mirtazapina Sandoz MG, 15 mg Blister 30 Unidade(s) Comp orodisp...[30]",8.0,42.0,8.0,"6,46","116,28","2,04",66.53,1,1,,,4,2,3,1,1,2,,3,,18.0
5879564,"Mirtazapina Sandoz MG, 15 mg Blister 60 Unidade(s) Comp revest pelic...[60]",9.0,42.0,9.0,"5,78","225,42","3,38",38.01,3,,1,4,1,4,4,5,5,4,3,4,1,39.0
5053046,"Mirtazapina Sandoz MG, 30 mg Blister 30 Unidade(s) Comp orodisp...[30]",3.0,42.0,3.0,"9,35","196,35","2,78",68.48,3,2,1,3,1,2,1,,1,2,2,2,1,21.0
5879572,"Mirtazapina Sandoz MG, 30 mg Blister 60 Unidade(s) Comp revest pelic...[60]",1.0,42.0,1.0,"11,03","66,18","3,94",62.14,,,1,,,1,1,,,,2,1,,6.0
5658299,"Mirtazapina ToLife 15 mg Comprimidos MG, 15 mg Blister 30 Unidade(s) Comp revest pelic...[30]",4.0,42.0,4.0,"6,68","100,20","2,98",52.71,1,3,,1,2,2,,,1,1,3,1,,15.0
5659099,"Mirtazapina ToLife 30 mg Comprimidos MG, 30 mg Blister 30 Unidade(s) Comp revest pelic...[30]",5.0,42.0,5.0,"9,97","269,19","4,21",55.24,2,2,4,2,3,1,1,5,2,2,2,1,,27.0
5719935,"Modafinil Generis MG, 100 mg Blister 20 Unidade(s) Comp...[20]",5.0,42.0,5.0,"23,59","70,77","17,14",22.98,,,3,,,,,,,,,,,3.0
5719943,"Modafinil Generis MG, 100 mg Blister 30 Unidade(s) Comp...[30]",3.0,42.0,3.0,"36,76","477,88","24,19",30.25,,1,3,,,2,1,3,1,1,,,1,13.0
5826011,"Mometasona Generis MG, 50 µg/dose Frasco nebulizador 140 dose Susp pulv nasal...[1]",2.0,42.0,2.0,"9,97","109,67","4,15",55.88,,1,1,4,1,1,,2,,1,,,,11.0
5483375,"Mometasona Sandoz MG, 50 µg/dose Frasco nebulizador 140 dose Susp pulv nasal...[1]",17.0,42.0,17.0,"9,96","478,08","2,84",69.78,5,4,,3,2,3,4,7,6,5,5,3,1,48.0
2976280,"Mononitrato de Isossorbido Mylan MG, 60 mg x 60 comp lib prol...[60]",1.0,42.0,1.0,"9,77","48,85","5,50",40.33,,,1,,2,,,,1,,1,,,5.0
5318530,"Montelucaste Farmoz MG, 10 mg Blister 28 Unidade(s) Comp revest pelic...[28]",6.0,42.0,6.0,"5,95","243,95","2,21",60.63,4,1,2,2,2,1,3,5,4,5,5,7,,41.0
5750971,"Montelucaste Generis MG, 5 mg Blister 28 Unidade(s) Comp mast...[28]",3.0,42.0,3.0,"5,95","35,70","2,86",49.05,,,,1,,1,1,2,,1,,,,6.0
5321641,"Montelucaste Krka MG, 10 mg Blister 14 Unidade(s) Comp revest pelic...[14]",1.0,42.0,1.0,"3,90","19,50","1,69",54.07,,,,2,1,,,1,,,1,,,5.0
5321658,"Montelucaste Krka MG, 10 mg Blister 28 Unidade(s) Comp revest pelic...[28]",1.0,42.0,1.0,"5,95","172,55","2,86",49.05,8,3,5,4,4,,,,2,1,1,1,,29.0
5321575,"Montelucaste Krka MG, 4 mg Blister 28 Unidade(s) Comp mast...[28]",1.0,42.0,1.0,"8,00","24,00","3,46",54.16,1,1,,,1,,,,,,,,,3.0
5321625,"Montelucaste Krka MG, 5 mg Blister 28 Unidade(s) Comp mast...[28]",3.0,42.0,3.0,"6,66","79,92","3,27",47.95,4,,1,3,,1,,2,1,,,,,12.0
5321914,"Montelucaste Mylan MG, 10 mg Blister 28 Unidade(s) Comp revest pelic...[28]",1.0,42.0,1.0,"5,43","124,89","1,58",69.16,3,3,3,4,,1,2,2,,1,,3,1,23.0
5366406,"Montelucaste Mylan MG, 5 mg Blister 28 Unidade(s) Comp mast...[28]",0.0,42.0,0.0,"5,98","65,78","1,78",68.45,2,4,1,1,1,,,1,1,,,,,11.0
5366661,"Montelucaste Pharmakern MG, 10 mg Blister 56 Unidade(s) Comp revest pelic...[56]",3.0,42.0,3.0,"20,00","220,00","12,24",35.13,1,,1,1,2,,,2,1,,3,,,11.0
5366604,"Montelucaste Pharmakern MG, 4 mg Blister 56 Unidade(s) Comp mast...[56]",1.0,42.0,1.0,"16,00","32,00","9,40",37.73,,,,,,1,1,,,,,,,2.0
5552344,"Montelucaste Ratiopharm MG, 4 mg 28 Saqueta Granul...[28]",1.0,42.0,1.0,"11,89","95,12","8,11",27.7,,,1,,1,1,2,1,1,1,,,,8.0
5268917,"Montelucaste Sandoz MG, 10 mg Blister 28 Unidade(s) Comp revest pelic...[28]",6.0,42.0,6.0,"9,42","715,92","2,65",70.18,6,4,6,6,5,6,3,5,14,6,5,10,,76.0
5366315,"Montelucaste Teva MG, 10 mg Blister 28 Unidade(s) Comp revest pelic...[28]",0.0,42.0,0.0,"9,97","59,82","7,04",25.15,2,1,1,,,1,,1,,,,,,6.0
5566401,"Montelucaste toLife MG, 10 mg Blister 28 Unidade(s) Comp revest pelic...[28]",16.0,42.0,16.0,"6,68","320,64","2,51",60.17,2,3,4,3,1,4,6,4,6,9,2,3,1,48.0
5472279,"Montelucaste Vitória MG, 4 mg Blister 28 Unidade(s) Comp mast...[28]",0.0,42.0,0.0,"5,89","5,89","4,68",15.78,,,,,,1,,,,,,,,1.0
5480553,"Moxifloxacina Aurobindo MG, 400 mg x 5 comp rev...[5]",1.0,42.0,1.0,"9,67","9,67","3,54",61.2,,,,1,,,,,,,,,,1.0
5480561,"Moxifloxacina Aurobindo MG, 400 mg x 7 comp rev...[7]",2.0,42.0,2.0,"13,58","27,16","4,83",62.3,,,,,1,1,,,,,,,,2.0
5602719,"Moxifloxacina Krka MG, 400 mg x 5 comp rev...[5]",1.0,42.0,1.0,"10,70","10,70","6,27",37.89,,,,,,,,1,,,,,,1.0
5602727,"Moxifloxacina Krka MG, 400 mg x 7 comp rev...[7]",2.0,42.0,2.0,"13,17","13,17","6,02",51.55,,,,,1,,,,,,,,,1.0
5772207,"Naltrexona Destoxican MG, 50 mg/20 mL x 4 sol oral medida...[4]",1.0,42.0,1.0,"22,40","44,80","16,08",23.91,,,1,1,,,,,,,,,,2.0
5405782,"Naproxeno Generis MG, 500 mg Blister 20 Unidade(s) Comp GR...[20]",8.0,42.0,8.0,"4,28","102,72","2,35",41.8,1,,,,,,1,2,4,3,6,6,1,24.0
5719729,"Naproxeno Generis MG, 500 mg Blister 60 Unidade(s) Comp...[60]",2.0,42.0,2.0,"9,97","9,97","5,64",40.04,,,,,,,,,1,,,,,1.0
5405980,"Naproxeno Generis MG, 500 mg Blister 60 Unidade(s) Comp GR...[60]",13.0,42.0,13.0,"9,97","448,65","5,64",40.04,,,,1,1,,5,6,6,6,10,8,2,45.0
5514989,"Naproxeno GP MG, 500 mg Blister 20 Unidade(s) Comp GR...[20]",2.0,42.0,2.0,"4,28","111,28","2,93",27.43,6,2,1,3,2,1,2,2,1,3,3,,,26.0
5259684,"Naproxeno GP MG, 500 mg Blister 60 Unidade(s) Comp GR...[60]",3.0,42.0,3.0,"9,97","348,95","7,04",25.15,1,5,3,2,3,6,3,,4,3,2,3,,35.0
5771068,"Naproxeno toLife MG, 500 mg Blister 20 Unidade(s) Comp GR...[20]",0.0,42.0,0.0,"4,03","124,93","1,58",58.44,5,5,5,6,3,3,3,1,,,,,,31.0
5771076,"Naproxeno toLife MG, 500 mg Blister 60 Unidade(s) Comp GR...[60]",0.0,42.0,0.0,"9,76","126,88","4,86",47.22,5,2,2,1,3,,,,,,,,,13.0
5891734,"Naproxeno/Esomeprazol Sandoz MG, 500 mg + 20 mg Frasco 30 Unidade(s) Comp LM...[30]",13.0,42.0,13.0,"6,22","6,22","4,16",29.11,,,,,,,,,,1,,,,1.0
5891742,"Naproxeno/Esomeprazol Sandoz MG, 500 mg + 20 mg Frasco 60 Unidade(s) Comp LM...[60]",4.0,42.0,4.0,"11,16","22,32","6,73",36.08,,,,,,,,,,1,1,,,2.0
5047204,"Nebivolol Ciclum MG, 5 mg Blister 28 Unidade(s) Comp...[28]",3.0,42.0,3.0,"5,79","214,23","4,25",22.19,2,1,3,3,3,1,4,4,2,4,5,4,1,37.0
5785951,"Nebivolol Ratiopharm MG, 5 mg Blister 28 Unidade(s) Comp...[28]",2.0,42.0,2.0,"6,68","80,16","5,03",20.18,2,,2,,2,,,2,,2,,2,,12.0
5072137,"Nebivolol Sandoz MG, 5 mg Blister 28 Unidade(s) Comp...[28]",11.0,42.0,11.0,"6,68","1.690,04","2,07",67.15,18,24,14,22,28,21,18,18,25,14,30,20,1,253.0
5164504,"Nebivolol toLife MG, 5 mg Blister 28 Unidade(s) Comp...[28]",5.0,42.0,5.0,"6,68","160,32","2,57",59.22,1,3,1,4,5,3,,2,1,,3,1,,24.0
5107941,"Nebivolol Zentiva MG, 5 mg Blister 28 Unidade(s) Comp...[28]",4.0,42.0,4.0,"6,68","126,92","2,40",61.92,3,,2,3,,4,,3,,,2,2,,19.0
4640884,"Nifedipina Alter MG, 20 mg Blister 60 Unidade(s) Comp LP...[60]",1.0,42.0,1.0,"6,13","6,13","4,54",21.49,1,,,,,,,,,,,,,1.0
5600234,"Nifedipina Generis MG, 30 mg Blister 28 Unidade(s) Comp LP...[28]",6.0,42.0,6.0,"5,34","277,68","3,88",22.98,3,7,9,4,5,3,5,4,4,2,2,4,,52.0
5600242,"Nifedipina Generis MG, 60 mg Blister 28 Unidade(s) Comp LP...[28]",1.0,42.0,1.0,"9,97","309,07","7,04",25.15,3,2,3,4,3,4,3,2,2,2,2,1,,31.0
5791694,"Nimesulida Basi MG, 100 mg x 20 comp...[20]",0.0,42.0,0.0,"4,42","4,42","1,54",63.07,,,,,,,,,,,,1,,1.0
4522892,"Nimesulida Farmoz MG, 100 mg x 30 comp rev...[30]",2.0,42.0,2.0,"3,90","15,60","1,17",68.2,,1,,1,,,,1,,,,1,,4.0
5410089,"Nimesulida Generis MG, 100 mg x 20 comp...[20]",0.0,42.0,0.0,"3,85","3,85","2,86",21.26,,,,,,,,,,,1,,,1.0
5727292,"Nimesulida Jabasulide MG, 100 mg x 20 comp...[20]",6.0,42.0,6.0,"4,27","260,47","1,58",60.78,8,6,3,4,9,8,6,2,5,4,2,4,,61.0
5727391,"Nimesulida Jabasulide MG, 100 mg x 20 gran sol oral saq...[20]",0.0,42.0,0.0,"3,95","11,85","2,62",29.69,3,,,,,,,,,,,,,3.0
5782495,"Nimesulida Labesfal MG, 100 mg x 20 gran susp oral saq...[20]",0.0,42.0,0.0,"3,55","10,65","2,63",21.47,,1,1,1,,,,,,,,,,3.0
4522397,"Nimesulida Pentafarma MG, 100 mg x 30 comp rev...[30]",1.0,42.0,1.0,"3,49","13,96","1,01",69.32,,1,,1,,,,,,1,,1,,4.0
5876495,"Nimesulida Pharmakern MG, 100 mg x 20 comp...[20]",6.0,42.0,6.0,"4,27","85,40","1,47",63.51,,,,,1,,4,2,2,4,6,1,,20.0
5456793,"Nimesulida Sandoz MG, 100 mg Blister 10 Unidade(s) Comp...[10]",0.0,42.0,0.0,"2,63","49,97","0,82",66.95,2,3,5,4,3,2,,,,,,,,19.0
5879853,"Nurofen Xpress Minicaps MG, 400 mg Blister 20 Unidade(s) Caps mole...[20]",3.0,42.0,3.0,"9,95","288,55","4,91",47.69,,4,2,3,2,,6,2,,4,5,1,,29.0
5552674,"Olanzapina Aurobindo MG, 10 mg Blister 28 Unidade(s) Comp orodisp...[28]",3.0,42.0,3.0,"18,39","147,12","6,32",63.57,,2,,,,1,,,2,2,1,,,8.0
5727730,"Olanzapina Generis MG, 15 mg Blister 28 Unidade(s) Comp...[28]",2.0,42.0,2.0,"40,08","40,08","15,74",58.37,,,,,,,,,,,,1,,1.0
5056858,"Olanzapina Krka MG, 10 mg Blister 28 Unidade(s) Comp...[28]",2.0,42.0,2.0,"29,98","1.319,12","8,08",71.43,3,2,2,2,4,1,3,6,4,7,3,4,3,44.0
5057112,"Olanzapina Krka MG, 10 mg Blister 28 Unidade(s) Comp orodisp...[28]",3.0,42.0,3.0,"20,44","102,20","5,94",69.2,,1,1,1,,2,,,,,,,,5.0
5057237,"Olanzapina Krka MG, 20 mg Blister 28 Unidade(s) Comp orodisp...[28]",2.0,42.0,2.0,"69,39","208,17","21,28",67.49,,,,,,,,,,,,2,1,3.0
5052212,"Olanzapina Krka MG, 2,5 mg x 28 comp...[28]",11.0,42.0,11.0,"5,33","458,38","1,59",68.38,7,6,7,7,11,12,5,1,5,12,2,11,,86.0
5052261,"Olanzapina Krka MG, 5 mg Blister 28 Unidade(s) Comp...[28]",9.0,42.0,9.0,"17,10","769,50","4,74",70.62,4,4,2,4,4,4,3,3,2,4,5,6,,45.0
5057047,"Olanzapina Krka MG, 5 mg Blister 28 Unidade(s) Comp orodisp...[28]",6.0,42.0,6.0,"10,98","318,42","3,04",70.65,5,4,3,4,4,,3,2,3,,,1,,29.0
5425525,"Olanzapina Nolian MG, 10 mg Blister 28 Unidade(s) Comp revest pelic...[28]",0.0,42.0,0.0,"31,39","62,78","10,46",64.68,,,,,,,,,,,,2,,2.0
5032669,"Olanzapina Nolian MG, 2.5 mg Blister 28 Unidade(s) Comp revest pelic...[28]",2.0,42.0,2.0,"5,44","16,32","2,96",42.32,1,,,1,1,,,,,,,,,3.0
5079876,"Olanzapina Teva MG, 2,5 mg x 28 comp rev...[28]",1.0,42.0,1.0,"5,47","60,17","3,97",23.07,2,1,,1,1,2,1,,,,2,1,,11.0
5080007,"Olanzapina Teva MG, 5 mg x 28 comp orodisp...[28]",1.0,42.0,1.0,"10,97","153,58","7,30",29.46,2,2,3,,2,3,,1,,1,,,,14.0
5079900,"Olanzapina Teva MG, 5 mg x 28 comp rev...[28]",1.0,42.0,1.0,"16,24","194,88","10,66",30.42,,1,1,1,1,2,2,1,,,2,1,,12.0
5046818,"Olanzapina toLife MG, 10 mg x 28 comp rev...[28]",3.0,42.0,3.0,"26,96","215,68","10,11",60.25,2,,,1,,1,,,1,2,1,,,8.0
5046701,"Olanzapina toLife MG, 2,5 mg x 28 comp rev...[28]",5.0,42.0,5.0,"6,68","60,12","3,07",51.28,,,1,,,,1,,,2,3,2,,9.0
5046545,"Olanzapina toLife MG, 5 mg x 28 comp orodisp...[28]",6.0,42.0,6.0,"12,97","129,70","5,01",59.05,1,1,1,,2,,,,1,1,3,,,10.0
5046735,"Olanzapina toLife MG, 5 mg x 28 comp rev...[28]",1.0,42.0,1.0,"19,66","157,28","6,93",62.64,1,1,1,,2,1,,1,,1,,,,8.0
5686159,"Olmesartan medoxomilo + Hidroclorotiazida Krka MG, 20/12,5 mg x 56 comp rev...[56]",2.0,42.0,2.0,"13,73","41,19","6,34",51.05,,,,,1,,,,1,,1,,,3.0
5686225,"Olmesartan medoxomilo + Hidroclorotiazida Krka MG, 40 mg + 12.5 mg Blister 56 Unidade(s) Comp revest pelic...[56]",2.0,42.0,2.0,"17,78","106,68","7,84",53.26,,,,2,1,,,2,,,,1,,6.0
5686241,"Olmesartan medoxomilo + Hidroclorotiazida Krka MG, 40/25 mg x 56 comp rev...[56]",1.0,42.0,1.0,"17,78","71,12","7,84",53.26,,,,,,2,,1,1,,,,,4.0
5700224,"Olmesartan medoxomilo + Hidroclorotiazida Pharmakern MG, 40 mg + 12.5 mg Blister 56 Unidade(s) Comp revest pelic...[56]",4.0,42.0,4.0,"14,10","56,40","0,00",100.0,,1,,,,,,1,,,2,,,4.0
5693536,"Olmesartan medoxomilo Ciclum MG, 20 mg x 56 comp rev...[56]",1.0,42.0,1.0,"11,95","239,00","8,17",27.53,1,1,1,2,1,2,1,4,2,1,1,2,1,20.0
5693551,"Olmesartan medoxomilo Ciclum MG, 40 mg x 56 comp rev...[56]",1.0,42.0,1.0,"14,10","112,80","10,05",24.45,,2,,,,,,1,,,4,1,,8.0
5832746,"Olmesartan medoxomilo Farmoz MG, 10 mg Blister 56 Unidade(s) Comp revest pelic...[56]",6.0,42.0,6.0,"12,74","280,28","5,95",50.49,2,2,3,1,3,1,,1,4,2,2,1,,22.0
5832753,"Olmesartan medoxomilo Farmoz MG, 20 mg Blister 28 Unidade(s) Comp revest pelic...[28]",1.0,42.0,1.0,"6,48","64,80","2,44",60.09,,,,,,,,1,1,1,2,5,,10.0
5685979,"Olmesartan medoxomilo Krka MG, 10 mg x 28 comp rev...[28]",5.0,42.0,5.0,"6,68","160,32","2,08",66.99,2,1,3,2,,2,2,2,2,3,3,2,,24.0
5686027,"Olmesartan medoxomilo Krka MG, 20 mg x 28 comp rev...[28]",2.0,42.0,2.0,"7,82","132,94","2,14",70.99,2,2,3,1,1,2,2,1,1,1,,1,,17.0
5861455,"Olmesartan medoxomilo Pentafarma MG, 10 mg Blister 28 Unidade(s) Comp revest pelic...[28]",3.0,42.0,3.0,"5,29","5,29","2,29",54.11,,,,,,,1,,,,,,,1.0
5837364,"Olmesartan medoxomilo ratiopharm MG, 20 mg Blister 28 Unidade(s) Comp revest pelic...[28]",0.0,42.0,0.0,"6,66","6,66","5,01",20.26,,,,,1,,,,,,,,,1.0
5686407,"Olmesartan medoxomilo Sandoz Farmacêutica MG, 20 mg Blister 28 Unidade(s) Comp revest pelic...[28]",2.0,42.0,2.0,"9,18","192,78","2,88",66.75,3,3,2,3,1,2,1,1,2,,1,1,1,21.0
5700968,"Olmesartan medoxomilo toLife MG, 10 mg Blister 28 Unidade(s) Comp revest pelic...[28]",0.0,42.0,0.0,"6,68","13,36","3,58",43.19,,,,,,1,,1,,,,,,2.0
5837208,"Olmesartan medoxomilo/Hidroclorotiazida Farmoz MG, 40 mg + 25 mg Blister 56 Unidade(s) Comp revest pelic...[56]",2.0,42.0,2.0,"13,50","94,50","6,40",49.75,1,1,,,1,,2,,1,,,1,,7.0
5857867,"Olmesartan medoxomilo/Hidroclorotiazida Pentafarma MG, 20 mg + 12.5 mg Blister 56 Unidade(s) Comp revest pelic...[56]",0.0,42.0,0.0,"12,00","12,00","4,14",63.43,,,,,,,,,,1,,,,1.0
5700174,"Olmesartan medoxomilo/Hidroclorotiazida Pharmakern MG, 20 mg + 25 mg Blister 56 Unidade(s) Comp revest pelic...[56]",1.0,42.0,1.0,"12,65","75,90","6,16",48.38,,,1,1,1,,1,,,1,1,,,6.0
5700679,"Olmesartan medoxomilo/Hidroclorotiazida toLife MG, 20/12,5 mg x 56 comp rev...[56]",4.0,42.0,4.0,"12,03","433,08","4,58",59.64,4,3,3,3,3,4,3,4,1,2,3,2,1,36.0
5720941,"Omeprazol Alter MG, 20 mg Blister 56 Unidade(s) Caps GR...[56]",0.0,42.0,0.0,"5,35","5,35","3,86",23.52,,,,1,,,,,,,,,,1.0
5266580,"Omeprazol Aurovitas MG, 20 mg Frasco 56 Unidade(s) Caps GR...[56]",10.0,42.0,10.0,"6,68","200,40","2,03",67.79,,,,,,,3,3,4,8,6,5,1,30.0
2978195,"Omeprazol Blixie MG, 20 mg Frasco 60 Unidade(s) Caps GR...[60]",1.0,42.0,1.0,"5,73","5,73","2,52",53.38,1,,,,,,,,,,,,,1.0
4877981,"Omeprazol Bluepharma MG, 20 mg Frasco 56 Unidade(s) Caps GR...[56]",2.0,42.0,2.0,"8,50","17,00","2,89",63.96,,,1,,,1,,,,,,,,2.0
5289111,"Omeprazol Ciclum MG, 20 mg Blister 56 Unidade(s) Caps GR...[56]",6.0,42.0,6.0,"4,98","268,92","3,54",24.65,2,5,3,4,4,2,5,2,6,4,8,8,1,54.0
3809191,"Omeprazol Farmoz MG, 20 mg Frasco 60 Unidade(s) Caps GR...[60]",17.0,42.0,17.0,"6,68","501,00","2,28",63.82,11,5,7,2,7,8,7,6,9,4,4,5,,75.0
5032495,"Omeprazol Gasec MG, 20 mg Blister 56 Unidade(s) Caps GR...[56]",2.0,42.0,2.0,"8,49","135,84","5,74",28.33,1,2,2,1,,1,,1,,3,3,2,,16.0
5406285,"Omeprazol Generis MG, 40 mg Blister 14 Unidade(s) Caps GR...[14]",3.0,42.0,3.0,"4,61","32,27","1,78",59.07,,,1,1,1,,1,1,,,,2,,7.0
4821690,"Omeprazol GP MG, 20 mg Blister 56 Unidade(s) Caps GR...[56]",1.0,42.0,1.0,"6,10","109,80","4,52",21.46,4,5,1,2,,1,,2,,1,1,1,,18.0
5283056,"Omeprazol Krka MG, 20 mg Blister 14 Unidade(s) Caps GR...[14]",8.0,42.0,8.0,"3,42","136,80","1,09",66.22,1,7,2,3,5,5,3,3,3,1,3,4,,40.0
5283072,"Omeprazol Krka MG, 20 mg Blister 56 Unidade(s) Caps GR...[56]",17.0,42.0,17.0,"8,48","941,28","2,88",64.0,15,13,9,16,10,9,8,6,5,8,7,5,,111.0
2245397,"Omeprazol Mepraz MG, 20 mg Frasco 60 Unidade(s) Caps GR...[60]",0.0,42.0,0.0,"11,45","1.316,75","6,73",37.7,12,17,11,11,15,15,11,9,9,5,,,,115.0
5680954,"Omeprazol Mylan MG, 20 mg Blister 56 Unidade(s) Caps GR...[56]",12.0,42.0,12.0,"8,50","748,00","2,32",71.07,8,3,10,6,7,8,6,7,5,9,11,8,,88.0
3870482,"Omeprazol Mylan MG, 40 mg x 56 cáps gastrorresistente...[56]",2.0,42.0,2.0,"11,00","165,00","2,96",71.48,1,1,2,1,1,1,1,1,3,1,2,,,15.0
2175594,"Omeprazol Proclor 20 mg Cápsulas Gastrorresistentes MG, 20 mg Frasco 60 Unidade(s) Caps GR...[60]",5.0,42.0,5.0,"8,79","676,83","2,72",67.2,5,7,6,5,3,3,4,3,9,8,12,9,3,77.0
5930888,"Omeprazol Sandoz MG, 20 mg Blister 56 Unidade(s) Caps GR...[56]",16.0,42.0,16.0,"8,49","2.029,11","2,35",70.66,17,18,23,10,28,20,14,20,17,18,35,17,2,239.0
5879341,"Omeprazol Tecnigen MG, 20 mg Blister 60 Unidade(s) Caps GR...[60]",51.0,42.0,51.0,"5,73","1.197,57","2,79",48.39,22,17,26,18,13,15,18,16,20,17,12,13,2,209.0
5198148,"Omeprazol toLife MG, 20 mg Blister 56 Unidade(s) Caps GR...[56]",79.0,42.0,79.0,"6,68","2.845,68","2,51",60.17,37,31,28,40,39,26,34,36,33,36,39,39,8,426.0
5198221,"Omeprazol toLife MG, 40 mg Blister 56 Unidade(s) Caps GR...[56]",7.0,42.0,7.0,"12,12","472,68","4,30",62.39,4,4,4,4,6,1,3,3,3,1,3,3,,39.0
5595566,"Omeprazol Zentiva MG, 10 mg Blister 56 Unidade(s) Caps GR...[56]",0.0,42.0,0.0,"6,68","20,04","3,78",40.02,,,,1,,1,,1,,,,,,3.0
5769971,"Omeprazol Zentiva MG, 20 mg Blister 56 Unidade(s) Caps GR...[56]",10.0,42.0,10.0,"8,50","229,50","2,88",64.08,6,2,1,1,5,,,2,3,1,2,4,,27.0
5298914,"Ondansetrom Germed MG, 8 mg x 10 comp orodisp...[10]",0.0,42.0,0.0,"23,18","46,36","15,10",30.95,,,,1,,,,,,,,1,,2.0
5771126,"Ondansetrom toLife MG, 4 mg x 10 comp orodisp...[10]",10.0,42.0,10.0,"13,45","430,40","8,07",36.4,3,1,3,4,4,,2,3,2,2,,8,,32.0
5771134,"Ondansetrom toLife MG, 4 mg x 30 comp orodisp...[30]",10.0,42.0,10.0,"38,62","849,64","23,35",35.91,2,,,5,,1,3,3,2,,,6,,22.0
5771100,"Ondansetrom toLife MG, 8 mg x 10 comp orodisp...[10]",11.0,42.0,11.0,"20,29","791,31","12,11",36.73,,5,2,6,2,1,,6,,3,5,8,1,39.0
5771118,"Ondansetrom toLife MG, 8 mg x 30 comp orodisp...[30]",4.0,42.0,4.0,"56,02","728,26","36,92",30.14,,1,,3,1,,2,,1,,1,4,,13.0
5589940,"Oprymea MG, 1,05 mg x 30 comp lib prol...[30]",0.0,42.0,0.0,"21,84","21,84","15,59",24.33,,,,,,,,,,1,,,,1.0
5779707,"Ornibel MG, 0.015 mg/24 h + 0.12 mg/24 h Saqueta 1 Unidade(s) Sist lib vag...[1]",1.0,42.0,1.0,"9,72","77,76","6,85",25.3,2,,1,,,,2,1,,1,,1,,8.0
5779715,"Ornibel MG, 0.015 mg/24 h + 0.12 mg/24 h 3 Saqueta 1 Unidade(s) Sist lib vag...[3]",1.0,42.0,1.0,"25,40","101,60","18,73",21.84,,,,,1,,2,1,,,,,,4.0
5826904,"Paliperidona Alter MG, 100 mg Seringa pré-cheia 1 Unidade(s) Susp inj LP...[1]",1.0,42.0,1.0,"151,40","3.028,00","131,21",8.14,1,1,1,1,2,1,2,2,2,3,2,2,,20.0
5765524,"Paliperidona Teva MG, 3 mg x 28 comp lib prol...[28]",0.0,42.0,0.0,"41,11","41,11","15,96",58.85,,,,1,,,,,,,,,,1.0
5370267,"Pantoprazol Aurobindo MG, 20 mg Blister 56 Unidade(s) Comp GR...[56]",2.0,42.0,2.0,"3,79","7,58","0,88",75.39,,,,,,,,,,1,1,,,2.0
5726542,"Pantoprazol Aurovitas MG, 20 mg Blister 56 Unidade(s) Comp GR...[56]",4.0,42.0,4.0,"4,65","9,30","1,15",73.78,,,,,,,,,,,,2,,2.0
5326772,"Pantoprazol Digespan MG, 20 mg Blister 14 Unidade(s) Comp GR...[14]",5.0,42.0,5.0,"8,05","80,50","3,00",60.5,,,,,,,,2,1,1,3,3,,10.0
5719364,"Pantoprazol Generis MG, 20 mg Blister 56 Unidade(s) Comp GR...[56]",3.0,42.0,3.0,"6,68","26,72","2,03",67.79,,,,,,,,,,2,2,,,4.0
5043138,"Pantoprazol KRKA MG, 20 mg Blister 14 Unidade(s) Comp GR...[14]",5.0,42.0,5.0,"3,84","69,12","0,93",74.33,1,3,1,2,2,1,,,3,2,,2,1,18.0
5043161,"Pantoprazol KRKA MG, 20 mg Blister 60 Unidade(s) Comp GR...[60]",54.0,42.0,54.0,"8,77","1.789,08","2,04",75.34,17,18,20,10,32,11,22,14,21,11,12,14,2,204.0
5043179,"Pantoprazol KRKA MG, 40 mg Blister 14 Unidade(s) Comp GR...[14]",2.0,42.0,2.0,"4,39","61,46","1,05",74.65,,5,2,1,,1,2,,,,1,1,1,14.0
5043229,"Pantoprazol KRKA MG, 40 mg Blister 60 Unidade(s) Comp GR...[60]",23.0,42.0,23.0,"13,91","945,88","3,46",73.63,6,6,4,6,6,5,3,9,11,2,4,6,,68.0
5838016,"Pantoprazol Lumec MG, 20 mg Blister 56 Unidade(s) Comp GR...[56]",10.0,42.0,10.0,"3,18","57,24","0,99",67.0,1,,,1,,1,1,1,,5,3,5,,18.0
5838040,"Pantoprazol Lumec MG, 40 mg Blister 56 Unidade(s) Comp GR...[56]",2.0,42.0,2.0,"4,59","55,08","1,61",62.82,1,1,1,1,1,1,1,2,1,,1,1,,12.0
5369046,"Pantoprazol Mylan MG, 20 mg Blister 56 Unidade(s) Comp GR...[56]",2.0,42.0,2.0,"3,95","134,30","1,32",64.58,5,,3,2,4,2,3,2,2,4,5,2,,34.0
5171616,"Pantoprazol Ratiopharm MG, 20 mg Blister 56 Unidade(s) Comp GR...[56]",2.0,42.0,2.0,"6,68","207,08","5,03",20.18,2,3,3,5,2,1,2,1,4,1,6,1,,31.0
5045273,"Pantoprazol Sandoz MG, 20 mg Blister 56 Unidade(s) Comp GR...[56]",5.0,42.0,5.0,"6,68","1.990,64","1,73",72.55,26,23,22,30,25,22,21,24,29,23,27,23,3,298.0
5045315,"Pantoprazol Sandoz MG, 40 mg Blister 56 Unidade(s) Comp GR...[56]",8.0,42.0,8.0,"13,08","1.124,88","3,10",74.88,5,6,7,6,7,5,5,6,10,9,9,10,1,86.0
5083613,"Pantoprazol Tecnigen MG, 20 mg Blister 60 Unidade(s) Comp GR...[60]",13.0,42.0,13.0,"3,74","261,80","1,84",47.85,4,2,8,6,2,5,8,7,4,6,8,9,1,70.0
5083654,"Pantoprazol Tecnigen MG, 40 mg Blister 60 Unidade(s) Comp GR...[60]",24.0,42.0,24.0,"5,76","512,64","2,92",46.26,5,4,12,7,13,3,7,6,11,6,10,5,,89.0
5099049,"Pantoprazol ToLife MG, 20 mg Frasco 56 Unidade(s) Comp GR...[56]",14.0,42.0,14.0,"6,68","440,88","2,61",58.58,9,4,7,4,5,4,6,6,2,6,6,5,2,66.0
5129242,"Pantoprazol ToLife MG, 40 mg Frasco 14 Unidade(s) Comp GR...[14]",4.0,42.0,4.0,"4,39","17,56","1,80",56.54,,,1,3,,,,,,,,,,4.0
5099064,"Pantoprazol ToLife MG, 40 mg Frasco 56 Unidade(s) Comp GR...[56]",15.0,42.0,15.0,"6,68","340,68","2,64",58.11,3,3,4,,5,5,4,2,7,7,7,4,,51.0
5101001,"Pantoprazol Zentiva MG, 20 mg Blister 56 Unidade(s) Comp GR...[56]",20.0,42.0,20.0,"4,40","228,80","1,63",60.73,7,8,4,5,2,4,3,3,3,5,6,2,,52.0
5101019,"Pantoprazol Zentiva MG, 40 mg Blister 56 Unidade(s) Comp GR...[56]",0.0,42.0,0.0,"5,38","21,52","1,96",61.38,1,1,,,1,,1,,,,,,,4.0
5321054,"Paracetamol Ciclum MG, 650 mg Blister 20 Unidade(s) Comp...[20]",2.0,42.0,2.0,"1,83","9,15","0,79",54.24,,1,,2,1,,1,,,,,,,5.0
5592019,"Paracetamol Farmoz MG, 1000 mg Blister 20 Unidade(s) Comp...[20]",0.0,42.0,0.0,"1,98","15,84","0,62",66.81,,,,,,,1,,,2,1,4,,8.0
2707297,"Paracetamol Generis MG, 500 mg Blister 20 Unidade(s) Comp...[20]",53.0,42.0,53.0,"1,50","189,00","0,53",62.55,18,3,8,19,8,11,10,10,12,17,7,2,1,126.0
5850375,"Paracetamol Nideran MG, 500 mg Blister 20 Unidade(s) Comp...[20]",1.0,42.0,1.0,"2,20","2,20","0,00",100.0,,,,,,,,1,,,,,,1.0
5721808,"Paracetamol Pentafarma MG, 1000 mg Blister 20 Unidade(s) Comp...[20]",60.0,42.0,60.0,"2,70","226,80","0,65",74.48,11,9,6,9,8,4,7,6,8,,7,9,,84.0
5118534,"Paracetamol Pharmakern MG, 1000 mg Blister 18 Unidade(s) Comp...[18]",112.0,42.0,112.0,"2,67","1.110,72","0,51",79.75,36,45,32,29,39,16,37,49,45,37,17,30,4,416.0
5366547,"Paracetamol Sandoz Farmacêutica MG, 1000 mg Blister 20 Unidade(s) Comp...[20]",0.0,42.0,0.0,"2,59","106,19","0,73",70.12,9,2,17,1,,,12,,,,,,,41.0
5875638,"Paracetamol Sandoz MG, 1000 mg Blister 20 Unidade(s) Comp...[20]",45.0,42.0,45.0,"2,59","479,15","0,75",69.31,24,17,11,30,18,11,8,15,12,18,9,11,1,185.0
5715958,"Paroxetina Aurovitas MG, 20 mg x 60 comp rev...[60]",6.0,42.0,6.0,"8,80","176,00","2,73",67.12,1,2,,2,1,,3,1,2,3,4,1,,20.0
5720206,"Paroxetina Generis MG, 20 mg x 60 comp rev...[60]",1.0,42.0,1.0,"14,10","14,10","5,55",58.28,,,,1,,,,,,,,,,1.0
3785284,"Paroxetina Mylan MG, 20 mg x 60 comp rev...[60]",3.0,42.0,3.0,"8,80","325,60","3,02",63.62,4,6,2,6,3,3,3,2,2,2,2,2,,37.0
5219514,"Paroxetina Sandoz MG, 20 mg x 60 comp rev...[60]",9.0,42.0,9.0,"11,70","1.497,60","3,27",70.37,9,8,8,10,11,13,10,9,14,11,13,8,4,128.0
5212287,"Paroxetina toLife 20 mg Comprimidos MG, 20 mg Blister 60 Unidade(s) Comp revest pelic...[60]",4.0,42.0,4.0,"14,10","465,30","5,42",59.25,3,3,3,4,5,3,3,,2,2,2,3,,33.0
5025788,"Paroxetina Zentiva MG, 20 mg x 60 comp rev...[60]",2.0,42.0,2.0,"14,10","84,60","7,05",47.0,1,,1,,1,,1,,,1,,1,,6.0
5065081,"Pentoxifilina Generis MG, 400 mg Blister 60 Unidade(s) Comp LM...[60]",16.0,42.0,16.0,"6,68","728,12","5,03",20.18,8,8,9,12,9,10,9,12,8,12,7,5,,109.0
5877568,"Perindopril + Indapamida + Amlodipina TAD MG, 10 mg + 2.5 mg + 10 mg Blister 30 Unidade(s) Comp...[30]",8.0,42.0,8.0,"7,50","315,00","2,45",65.37,1,1,4,,,5,5,7,4,3,4,8,,42.0
5876230,"Perindopril + Indapamida + Amlodipina TAD MG, 5 mg + 1.25 mg + 5 mg Blister 30 Unidade(s) Comp...[30]",2.0,42.0,2.0,"5,47","27,35","2,00",61.24,1,,2,,,,,,,1,1,,,5.0
5696059,"Perindopril + Indapamida Mepha MG, 10 mg + 2.5 mg Recipiente para comprimidos 30 Unidade(s) Comp revest pelic...[30]",1.0,42.0,1.0,"9,61","9,61","6,72",25.88,1,,,,,,,,,,,,,1.0
5216221,"Perindopril Farmoz MG, 4 mg Blister 30 Unidade(s) Comp...[30]",4.0,42.0,4.0,"9,08","99,88","3,14",63.34,,,1,,,1,1,1,1,2,2,2,,11.0
5080304,"Perindopril Farmoz MG, 8 mg Blister 30 Unidade(s) Comp...[30]",13.0,42.0,13.0,"9,97","428,71","3,54",62.36,4,5,5,2,4,5,3,4,5,3,3,,,43.0
5215074,"Perindopril Krka MG, 4 mg Blister 30 Unidade(s) Comp...[30]",25.0,42.0,25.0,"5,69","933,16","1,46",72.8,12,13,14,8,12,13,12,12,19,21,13,10,5,164.0
5052501,"Perindopril Krka MG, 8 mg Blister 30 Unidade(s) Comp...[30]",12.0,42.0,12.0,"8,24","362,56","2,23",71.31,1,3,2,1,5,2,3,6,3,7,3,8,,44.0
5831078,"Perindopril Mylan MG, 8 mg Blister 30 Unidade(s) Comp...[30]",0.0,42.0,0.0,"6,68","160,32","2,03",67.79,4,8,3,4,3,2,,,,,,,,24.0
5270061,"Perindopril Sandoz MG, 4 mg Blister 30 Unidade(s) Comp...[30]",7.0,42.0,7.0,"6,66","479,52","2,77",55.91,2,4,8,10,6,8,6,5,5,6,4,7,1,72.0
5270129,"Perindopril Sandoz MG, 8 mg Blister 30 Unidade(s) Comp...[30]",12.0,42.0,12.0,"9,18","394,74","3,82",55.89,1,2,2,4,3,2,3,9,3,2,3,7,2,43.0
5830435,"Perindopril TAD MG, 10 mg Blister 30 Unidade(s) Comp...[30]",0.0,42.0,0.0,"6,46","32,30","4,83",20.75,,,1,,2,,2,,,,,,,5.0
5830427,"Perindopril TAD MG, 5 mg Blister 30 Unidade(s) Comp...[30]",0.0,42.0,0.0,"4,53","113,25","3,15",26.29,3,1,2,3,3,1,1,2,4,1,4,,,25.0
5823729,"Perindopril/Amlodipina Mylan MG, 4 mg + 5 mg Blister 30 Unidade(s) Comp...[30]",2.0,42.0,2.0,"6,57","98,55","2,48",59.99,1,,1,2,1,1,1,2,,2,2,2,,15.0
5845417,"Perindopril/Amlodipina TAD MG, 10 mg + 10 mg Blister 30 Unidade(s) Comp...[30]",0.0,42.0,0.0,"9,65","125,45","4,41",51.56,1,,,,,1,1,3,2,2,3,,,13.0
5845409,"Perindopril/Amlodipina TAD MG, 10 mg + 5 mg Blister 30 Unidade(s) Comp...[30]",4.0,42.0,4.0,"9,49","85,41","4,32",51.75,,,1,2,,2,1,,2,1,,,,9.0
5845375,"Perindopril/Amlodipina TAD MG, 5 mg + 10 mg Blister 30 Unidade(s) Comp...[30]",3.0,42.0,3.0,"6,77","27,08","2,77",56.63,,,,,1,1,,,,,1,1,,4.0
5845367,"Perindopril/Amlodipina TAD MG, 5 mg + 5 mg Blister 30 Unidade(s) Comp...[30]",1.0,42.0,1.0,"6,91","262,58","2,84",56.43,5,5,3,1,2,2,6,4,3,,2,4,1,38.0
5080312,"Perindopril/Indapamida Farmoz MG, 2 mg + 0.625 mg Blister 30 Unidade(s) Comp...[30]",6.0,42.0,6.0,"8,84","256,36","3,04",63.55,2,5,2,2,4,2,2,1,3,2,2,2,,29.0
5080320,"Perindopril/Indapamida Farmoz MG, 4 mg + 1.25 mg Blister 30 Unidade(s) Comp...[30]",10.0,42.0,10.0,"9,10","127,40","2,84",66.92,1,2,4,,,,3,,1,1,2,,,14.0
5591953,"Perindopril/Indapamida Farmoz MG, 8 mg + 2.5 mg Blister 30 Unidade(s) Comp...[30]",5.0,42.0,5.0,"11,85","260,70","3,41",69.5,,1,4,1,5,,,1,4,2,2,2,,22.0
5620935,"Perindopril/Indapamida Generis MG, 8 mg + 2.5 mg Blister 30 Unidade(s) Comp...[30]",4.0,42.0,4.0,"12,08","193,28","3,75",67.09,1,,,,1,2,,1,3,3,3,2,,16.0
5030036,"Perindopril/Indapamida Krka MG, 2 mg + 0.625 mg Blister 30 Unidade(s) Comp...[30]",7.0,42.0,7.0,"7,97","270,98","2,18",71.01,2,2,2,4,5,3,3,4,2,2,2,3,,34.0
5030176,"Perindopril/Indapamida Krka MG, 4 mg + 1.25 mg Blister 30 Unidade(s) Comp...[30]",26.0,42.0,26.0,"6,50","1.183,00","2,01",67.22,12,14,16,18,14,11,19,16,16,13,12,19,2,182.0
5382569,"Perindopril/Indapamida Krka MG, 8 mg + 2.5 mg Blister 30 Unidade(s) Comp...[30]",15.0,42.0,15.0,"12,80","1.088,00","4,04",66.54,8,6,7,7,8,4,6,12,4,9,2,12,,85.0
5328935,"Perindopril/Indapamida Sandoz MG, 2 mg + 0.625 mg Blister 30 Unidade(s) Comp...[30]",8.0,42.0,8.0,"8,58","51,48","2,93",63.8,1,,1,2,,,,,,,2,,,6.0
5328943,"Perindopril/Indapamida Sandoz MG, 4 mg + 1.25 mg Blister 30 Unidade(s) Comp...[30]",4.0,42.0,4.0,"9,06","262,74","4,99",41.62,3,5,1,5,3,1,3,2,2,1,1,1,1,29.0
5831243,"Perindopril/Indapamida TAD MG, 10 mg + 2.5 mg Blister 30 Unidade(s) Comp...[30]",5.0,42.0,5.0,"7,42","163,24","4,80",31.43,3,4,1,2,,1,3,,,5,,3,,22.0
5831177,"Perindopril/Indapamida TAD MG, 5 mg + 1.25 mg Blister 30 Unidade(s) Comp...[30]",0.0,42.0,0.0,"4,33","77,94","2,97",27.29,2,1,1,1,1,,3,2,3,2,2,,,18.0
5757661,"Perindopril/Indapamida toLife MG, 4 mg + 1.25 mg Blister 30 Unidade(s) Comp...[30]",1.0,42.0,1.0,"6,68","40,08","2,78",55.89,,,1,1,2,,,,1,,1,,,6.0
5877550,"Perindopril/Indapamida/Amlodip TAD MG, 10 mg + 2.5 mg + 5 mg Blister 30 Unidade(s) Comp...[30]",1.0,42.0,1.0,"7,03","91,39","2,25",66.07,1,1,,2,2,,,2,2,,1,2,,13.0
5398813,"Pioglitazona Farmoz MG, 30 mg x 28 comp...[28]",2.0,42.0,2.0,"19,31","115,86","6,72",63.11,1,,,1,1,1,,1,,,,1,,6.0
2215580,"Piracetam Ratiopharm MG, 1,2 g x 60 comp rev...[60]",1.0,42.0,1.0,"8,21","16,42","6,00",22.53,,,,,1,,,1,,,,,,2.0
5833512,"Pitavastatina Farmoz MG, 2 mg Blister 28 Unidade(s) Comp revest pelic...[28]",4.0,42.0,4.0,"6,53","32,65","2,70",56.17,,,,,,,,1,2,,1,1,,5.0
5833520,"Pitavastatina Farmoz MG, 4 mg Blister 28 Unidade(s) Comp revest pelic...[28]",8.0,42.0,8.0,"11,48","137,76","4,28",60.48,,,1,1,2,,2,1,1,1,3,,,12.0
5789839,"Pitavastatina Generis MG, 2 mg Blister 28 Unidade(s) Comp revest pelic...[28]",3.0,42.0,3.0,"9,92","138,88","3,17",66.13,1,1,1,3,1,1,1,1,1,1,2,,,14.0
5789235,"Pitavastatina Krka MG, 1 mg Blister 28 Unidade(s) Comp revest pelic...[28]",1.0,42.0,1.0,"6,68","6,68","2,13",66.2,,,,1,,,,,,,,,,1.0
5789250,"Pitavastatina Krka MG, 2 mg Blister 28 Unidade(s) Comp revest pelic...[28]",14.0,42.0,14.0,"9,38","581,56","2,86",67.68,2,3,6,3,10,5,5,9,5,6,4,4,,62.0
5789276,"Pitavastatina Krka MG, 4 mg Blister 28 Unidade(s) Comp revest pelic...[28]",5.0,42.0,5.0,"16,59","464,52","5,01",67.99,3,3,2,3,4,2,3,2,3,1,1,1,,28.0
5788906,"Pitavastatina Pentafarma MG, 1 mg Blister 28 Unidade(s) Comp revest pelic...[28]",3.0,42.0,3.0,"6,57","72,27","2,49",59.83,1,2,,3,,,2,,,3,,,,11.0
5782339,"Pitavastatina toLife MG, 2 mg Blister 28 Unidade(s) Comp revest pelic...[28]",2.0,42.0,2.0,"9,97","39,88","3,54",62.36,1,,,1,,,,,,,2,,,4.0
5338462,"Placir MG, 10 mg Frasco 60 Unidade(s) Comp...[60]",0.0,42.0,0.0,"6,27","12,54","3,78",36.1,,,1,,1,,,,,,,,,2.0
5304274,"Pravastatina Mylan MG, 10 mg x 60 comp...[60]",1.0,42.0,1.0,"6,10","6,10","3,62",37.1,,,,,,,,,1,,,,,1.0
5327580,"Pravastatina Sandoz MG, 20 mg x 60 comp...[60]",16.0,42.0,16.0,"9,92","79,36","2,96",68.37,1,1,1,,,,2,,,1,1,1,,8.0
5328182,"Pravastatina Sandoz MG, 40 mg x 60 comp...[60]",9.0,42.0,9.0,"13,06","143,66","4,60",62.66,1,,1,,2,1,1,1,3,,1,,,11.0
5893318,"Prednisolona Generis MG, 20 mg Blister 20 Unidade(s) Comp...[20]",9.0,42.0,9.0,"3,17","66,57","1,57",47.5,,,2,2,,1,1,3,3,2,6,1,,21.0
5893326,"Prednisolona Generis MG, 20 mg Blister 60 Unidade(s) Comp...[60]",2.0,42.0,2.0,"8,60","8,60","4,68",42.32,,,,,,,,,,,,1,,1.0
5893300,"Prednisolona Generis MG, 5 mg Blister 60 Unidade(s) Comp...[60]",9.0,42.0,9.0,"2,80","47,60","1,31",50.41,,,,2,1,2,1,1,,6,3,1,,17.0
5669429,"Pregabalina Azevedos MG, 200 mg Blister 84 Unidade(s) Caps...[84]",2.0,42.0,2.0,"36,34","36,34","10,66",68.91,,,,,,,,,1,,,,,1.0
5669437,"Pregabalina Azevedos MG, 225 mg Blister 56 Unidade(s) Caps...[56]",1.0,42.0,1.0,"27,94","307,34","7,51",71.51,2,,1,1,1,1,2,,2,,1,,,11.0
5635644,"Pregabalina Farmoz MG, 150 mg Blister 56 Unidade(s) Caps...[56]",5.0,42.0,5.0,"12,92","219,64","4,54",62.75,,3,1,1,1,,2,2,1,2,2,2,,17.0
5635602,"Pregabalina Farmoz MG, 25 mg Blister 56 Unidade(s) Caps...[56]",6.0,42.0,6.0,"5,64","423,00","2,77",47.94,5,5,7,6,4,3,9,5,4,6,9,5,7,75.0
5635610,"Pregabalina Farmoz MG, 50 mg Blister 56 Unidade(s) Caps...[56]",15.0,42.0,15.0,"6,68","300,60","2,53",59.85,,6,1,,4,4,1,9,3,4,7,4,2,45.0
5635636,"Pregabalina Farmoz MG, 75 mg Blister 56 Unidade(s) Caps...[56]",5.0,42.0,5.0,"9,97","279,16","3,54",62.36,1,1,3,1,2,2,3,1,3,2,3,5,1,28.0
5742838,"Pregabalina Generis MG, 100 mg Blister 84 Unidade(s) Caps...[84]",3.0,42.0,3.0,"32,36","226,52","7,68",74.84,,,2,1,,,,,1,1,2,,,7.0
5742820,"Pregabalina Generis MG, 75 mg Blister 56 Unidade(s) Caps...[56]",0.0,42.0,0.0,"13,25","66,25","3,29",73.68,1,1,,1,1,1,,,,,,,,5.0
5631270,"Pregabalina Krka MG, 100 mg Blister 84 Unidade(s) Caps...[84]",13.0,42.0,13.0,"32,35","2.717,40","8,94",70.71,7,10,11,6,7,7,6,3,6,7,8,4,2,84.0
5631437,"Pregabalina Krka MG, 150 mg Blister 56 Unidade(s) Caps...[56]",13.0,42.0,13.0,"21,58","992,68","6,34",68.86,4,3,5,6,2,4,2,3,5,6,3,2,1,46.0
5631056,"Pregabalina Krka MG, 25 mg Blister 56 Unidade(s) Caps...[56]",13.0,42.0,13.0,"5,80","435,00","2,56",53.21,3,8,4,5,5,6,7,12,11,6,2,5,1,75.0
5631122,"Pregabalina Krka MG, 50 mg Blister 56 Unidade(s) Caps...[56]",24.0,42.0,24.0,"11,43","1.234,44","3,19",70.42,11,11,6,6,14,11,7,12,6,9,12,3,,108.0
5631148,"Pregabalina Krka MG, 75 mg Blister 14 Unidade(s) Caps...[14]",2.0,42.0,2.0,"6,03","24,12","1,84",67.66,,,1,1,,,1,,1,,,,,4.0
5631155,"Pregabalina Krka MG, 75 mg Blister 56 Unidade(s) Caps...[56]",28.0,42.0,28.0,"8,75","1.128,75","2,47",70.08,16,13,5,9,9,6,14,5,16,11,12,13,,129.0
5636345,"Pregabalina Pentafarma MG, 150 mg Blister 56 Unidade(s) Caps...[56]",7.0,42.0,7.0,"18,49","55,47","6,36",63.54,,,1,1,1,,,,,,,,,3.0
5635875,"Pregabalina Pharmakern MG, 75 mg Blister 56 Unidade(s) Caps...[56]",3.0,42.0,3.0,"8,90","8,90","3,58",57.36,,,,1,,,,,,,,,,1.0
5641352,"Pregabalina ratiopharm MG, 150 mg Blister 56 Unidade(s) Caps...[56]",1.0,42.0,1.0,"18,49","110,94","12,64",27.54,,,1,1,,1,,1,,1,,1,,6.0
5859145,"Pregabalina Sandoz MG, 100 mg Blister em dose unitária 84 Unidade(s) Caps...[84]",16.0,42.0,16.0,"19,13","784,33","5,35",70.36,,1,1,2,2,4,8,3,5,3,7,5,,41.0
5675020,"Pregabalina Tecnigen MG, 150 mg Blister 56 Unidade(s) Caps...[56]",11.0,42.0,11.0,"11,09","632,13","4,46",57.37,5,1,3,1,6,5,7,6,5,5,7,6,,57.0
5732136,"Pregabalina Tecnigen MG, 50 mg Blister 56 Unidade(s) Caps...[56]",26.0,42.0,26.0,"6,25","650,00","2,80",52.51,13,15,9,13,4,9,12,11,4,5,4,4,1,104.0
5675012,"Pregabalina Tecnigen MG, 75 mg Blister 56 Unidade(s) Caps...[56]",7.0,42.0,7.0,"8,07","104,91","3,32",56.39,,,2,,1,1,2,1,,2,2,1,1,13.0
5636063,"Pregabalina Tolife MG, 150 mg Blister 56 Unidade(s) Caps...[56]",1.0,42.0,1.0,"17,10","68,40","6,88",57.35,1,,,1,,,,,,1,1,,,4.0
5635859,"Pregabalina Tolife MG, 50 mg Blister 56 Unidade(s) Caps...[56]",0.0,42.0,0.0,"9,78","19,56","3,89",57.84,2,,,,,,,,,,,,,2.0
5635933,"Pregabalina Tolife MG, 75 mg Blister 56 Unidade(s) Caps...[56]",2.0,42.0,2.0,"12,92","116,28","4,98",59.14,,1,,2,,1,2,1,1,1,,,,9.0
5656368,"Pregabalina Viatris MG, 100 mg Blister 84 Unidade(s) Caps...[84]",1.0,42.0,1.0,"26,05","26,05","9,70",60.53,,1,,,,,,,,,,,,1.0
5656376,"Pregabalina Viatris MG, 150 mg Blister 56 Unidade(s) Caps...[56]",0.0,42.0,0.0,"14,10","28,20","5,05",62.04,,1,,,,,,,,,1,,,2.0
5660907,"Pregabalina Zentiva MG, 100 mg Blister 84 Unidade(s) Caps...[84]",12.0,42.0,12.0,"24,74","964,86","9,11",60.97,3,3,6,2,3,2,1,7,2,4,4,2,,39.0
5352224,"Progeffik MG, 100 mg x 60 cáps mole...[60]",1.0,42.0,1.0,"6,63","39,78","4,99",20.22,1,,,3,,,,,,2,,,,6.0
5352265,"Progeffik MG, 200 mg x 60 cáps mole...[60]",1.0,42.0,1.0,"13,85","110,80","9,83",24.77,,1,,,1,2,1,,,1,2,,,8.0
5821707,"Propranolol Generis MG, 10 mg Blister 60 Unidade(s) Comp revest pelic...[60]",4.0,42.0,4.0,"3,07","162,71","1,70",41.3,7,3,6,5,3,5,2,6,1,2,5,8,,53.0
5821715,"Propranolol Generis MG, 40 mg Blister 60 Unidade(s) Comp revest pelic...[60]",3.0,42.0,3.0,"4,05","222,75","2,47",35.35,6,1,7,5,6,4,4,3,6,6,5,2,,55.0
5772645,"Quetamed MG, 100 mg Blister 60 Unidade(s) Comp revest pelic...[60]",0.0,42.0,0.0,"11,66","23,32","7,91",28.09,,,,,,,2,,,,,,,2.0
5772652,"Quetamed MG, 150 mg Blister 60 Unidade(s) Comp revest pelic...[60]",1.0,42.0,1.0,"26,40","26,40","19,61",21.26,,,,,1,,,,,,,,,1.0
5868302,"Quetamed SR MG, 150 mg Blister 30 Unidade(s) Comp LP...[30]",3.0,42.0,3.0,"9,92","29,76","6,99",25.31,,,,,,,,,,,,3,,3.0
5117866,"Quetiapina Alter MG, 25 mg Blister 20 Unidade(s) Comp revest pelic...[20]",5.0,42.0,5.0,"2,53","374,44","1,40",41.34,21,20,18,20,16,9,13,4,10,6,5,6,,148.0
5713318,"Quetiapina Alter SR MG, 400 mg x 60 comp lib prol...[60]",0.0,42.0,0.0,"48,42","96,84","35,90",21.41,,,1,,1,,,,,,,,,2.0
5729835,"Quetiapina Aurovitas MG, 25 mg Blister 20 Unidade(s) Comp revest pelic...[20]",21.0,42.0,21.0,"3,69","81,18","0,85",75.58,,,,,,,,,,2,6,14,,22.0
5649975,"Quetiapina Bluepharma LP MG, 150 mg Blister 30 Unidade(s) Comp LP...[30]",5.0,42.0,5.0,"11,28","462,48","4,19",60.63,,,,,,2,7,5,10,8,5,4,,41.0
5650239,"Quetiapina Bluepharma LP MG, 400 mg Blister 60 Unidade(s) Comp LP...[60]",1.0,42.0,1.0,"43,69","87,38","17,91",56.55,,,,,,,,,,1,,1,,2.0
5237649,"Quetiapina Farmoz MG, 100 mg Blister 60 Unidade(s) Comp revest pelic...[60]",0.0,42.0,0.0,"15,68","454,72","5,11",65.46,1,,2,,2,3,4,3,3,4,1,6,,29.0
5237557,"Quetiapina Farmoz MG, 25 mg Blister 20 Unidade(s) Comp revest pelic...[20]",1.0,42.0,1.0,"2,52","204,12","1,05",55.83,,,1,,5,5,12,6,8,6,15,23,,81.0
5238647,"Quetiapina Farmoz MG, 300 mg Blister 60 Unidade(s) Comp revest pelic...[60]",1.0,42.0,1.0,"34,72","381,92","13,12",59.94,,1,,3,1,1,,1,1,,1,2,,11.0
5829916,"Quetiapina Farmoz SR MG, 200 mg Blister 60 Unidade(s) Comp LP...[60]",0.0,42.0,0.0,"22,11","331,65","17,27",17.2,2,2,7,2,2,,,,,,,,,15.0
5829866,"Quetiapina Farmoz SR MG, 50 mg Blister 60 Unidade(s) Comp LP...[60]",0.0,42.0,0.0,"6,68","187,04","2,53",59.85,5,6,4,13,,,,,,,,,,28.0
5717020,"Quetiapina Generis MG, 25 mg Blister 20 Unidade(s) Comp revest pelic...[20]",10.0,42.0,10.0,"5,80","208,80","2,57",53.03,,,,,,1,1,10,5,4,10,5,,36.0
5681234,"Quetiapina Generis MG, 50 mg Blister 60 Unidade(s) Comp LP...[60]",0.0,42.0,0.0,"9,97","259,22","7,71",18.03,,,,,,,,12,8,6,,,,26.0
5280102,"Quetiapina Kventiax MG, 100 mg Blister 60 Unidade(s) Comp revest pelic...[60]",12.0,42.0,12.0,"16,98","865,98","4,67",70.85,3,2,5,3,2,5,7,7,3,5,5,4,,51.0
5280169,"Quetiapina Kventiax MG, 200 mg Blister 60 Unidade(s) Comp revest pelic...[60]",1.0,42.0,1.0,"23,02","391,34","6,88",68.32,2,,3,1,1,1,2,1,1,2,1,1,1,17.0
5280045,"Quetiapina Kventiax MG, 25 mg Blister 20 Unidade(s) Comp revest pelic...[20]",99.0,42.0,99.0,"5,00","985,00","1,50",68.2,36,31,26,38,32,20,11,2,,,,1,,197.0
5280219,"Quetiapina Kventiax MG, 300 mg Blister 60 Unidade(s) Comp revest pelic...[60]",1.0,42.0,1.0,"36,19","36,19","10,35",69.68,,1,,,,,,,,,,,,1.0
5049804,"Quetiapina Mylan MG, 100 mg Blister 60 Unidade(s) Comp revest pelic...[60]",2.0,42.0,2.0,"15,68","674,24","5,11",65.46,3,3,5,4,6,2,3,1,3,3,5,4,1,43.0
5664164,"Quetiapina Mylan MG, 150 mg Blister 30 Unidade(s) Comp LP...[30]",0.0,42.0,0.0,"17,16","51,48","5,77",64.36,3,,,,,,,,,,,,,3.0
5664230,"Quetiapina Mylan MG, 200 mg Blister 10 Unidade(s) Comp LP...[10]",0.0,42.0,0.0,"6,68","60,12","5,39",14.47,,,,,,,,9,,,,,,9.0
5049846,"Quetiapina Mylan MG, 200 mg Blister 60 Unidade(s) Comp revest pelic...[60]",2.0,42.0,2.0,"22,06","88,24","7,94",61.85,,1,,1,,1,,1,,,,,,4.0
5664404,"Quetiapina Mylan MG, 300 mg Blister 60 Unidade(s) Comp LP...[60]",3.0,42.0,3.0,"46,37","231,85","28,99",33.73,,,,,,,,,,3,,2,,5.0
5664115,"Quetiapina Mylan MG, 50 mg Blister 60 Unidade(s) Comp LP...[60]",0.0,42.0,0.0,"11,77","94,16","4,02",63.8,4,3,,,1,,,,,,,,,8.0
5238720,"Quetiapina Pentafarma MG, 25 mg Blister 20 Unidade(s) Comp revest pelic...[20]",6.0,42.0,6.0,"2,78","16,68","1,08",58.82,1,,2,,,,1,,1,,,1,,6.0
5713573,"Quetiapina ratiopharm MG, 150 mg Blister 30 Unidade(s) Comp LP...[30]",0.0,42.0,0.0,"12,19","24,38","9,27",19.39,,,,,,,1,1,,,,,,2.0
5150875,"Quetiapina Rocoz MG, 25 mg Blister 20 Unidade(s) Comp revest pelic...[20]",4.0,42.0,4.0,"2,59","25,90","1,45",40.66,1,4,2,,,1,1,,1,,,,,10.0
5713334,"Quetiapina Rocoz SR MG, 50 mg Blister 60 Unidade(s) Comp LP...[60]",0.0,42.0,0.0,"6,68","6,68","5,03",20.18,1,,,,,,,,,,,,,1.0
5405550,"Quetiapina toLife MG, 100 mg Blister 60 Unidade(s) Comp revest pelic...[60]",9.0,42.0,9.0,"18,26","1.186,90","6,26",63.66,9,4,7,5,5,4,5,1,7,6,5,7,,65.0
5405576,"Quetiapina Tolife MG, 150 mg Blister 60 Unidade(s) Comp revest pelic...[60]",3.0,42.0,3.0,"26,40","211,20","11,75",52.82,,,,,1,1,1,1,,,2,2,,8.0
5443544,"Quetiapina Tolife MG, 25 mg Blister 20 Unidade(s) Comp revest pelic...[20]",39.0,42.0,39.0,"4,15","1.149,55","1,73",55.81,21,17,14,17,14,13,24,43,38,29,24,21,2,277.0
5405634,"Quetiapina toLife MG, 300 mg Blister 60 Unidade(s) Comp revest pelic...[60]",1.0,42.0,1.0,"33,15","132,60","13,02",58.37,,,,,,1,,1,,1,,1,,4.0
5701719,"Quetiapina toLife SR MG, 150 mg Blister 30 Unidade(s) Comp LP...[30]",0.0,42.0,0.0,"14,10","28,20","7,15",46.25,2,,,,,,,,,,,,,2.0
5701677,"Quetiapina toLife SR MG, 50 mg Blister 60 Unidade(s) Comp LP...[60]",0.0,42.0,0.0,"8,72","34,88","4,22",48.7,1,2,,1,,,,,,,,,,4.0
5047766,"Quetiapina Zentiva MG, 100 mg Blister 60 Unidade(s) Comp revest pelic...[60]",4.0,42.0,4.0,"16,98","118,86","9,05",43.5,,1,,1,,1,2,,,1,1,,,7.0
5215306,"Rabeprazol Generis MG, 10 mg x 56 comp gastrorresistente...[56]",2.0,42.0,2.0,"13,18","13,18","5,93",52.31,,1,,,,,,,,,,,,1.0
5309620,"Rabeprazol Krka MG, 10 mg x 56 comp gastrorresistente...[56]",1.0,42.0,1.0,"12,84","25,68","3,70",69.45,,,,,1,,,,,,1,,,2.0
5309745,"Rabeprazol Krka MG, 20 mg x 56 comp gastrorresistente...[56]",4.0,42.0,4.0,"17,55","52,65","4,91",70.34,,,,1,,,,2,,,,,,3.0
5237268,"Rabeprazol Mylan MG, 20 mg x 56 comp gastrorresistente...[56]",1.0,42.0,1.0,"10,90","87,20","7,24",29.59,1,1,2,,,,,,3,,,1,,8.0
5313739,"Rabeprazol Sandoz MG, 10 mg x 56 comp gastrorresistente...[56]",3.0,42.0,3.0,"12,60","88,20","4,68",60.63,,2,2,1,,,,1,,,,1,,7.0
5313754,"Rabeprazol Sandoz MG, 20 mg x 56 comp gastrorresistente...[56]",7.0,42.0,7.0,"18,23","783,89","5,01",70.87,4,4,4,2,5,2,5,2,3,5,2,5,,43.0
5694120,"Ramipril Aurovitas MG, 5 mg x 56 comp...[56]",2.0,42.0,2.0,"5,51","16,53","2,21",57.48,,,,,,,,1,,1,1,,,3.0
4867081,"Ramipril Blixie MG, 1.25 mg Blister 56 Unidade(s) Caps...[56]",0.0,42.0,0.0,"5,50","148,50","2,40",53.75,9,3,5,8,2,,,,,,,,,27.0
4867685,"Ramipril Blixie MG, 2.5 mg Blister 56 Unidade(s) Caps...[56]",0.0,42.0,0.0,"6,48","84,24","3,01",50.76,4,1,3,3,2,,,,,,,,,13.0
4868287,"Ramipril Blixie MG, 5 mg Blister 56 Unidade(s) Caps...[56]",0.0,42.0,0.0,"6,32","82,16","2,83",52.53,3,4,2,2,2,,,,,,,,,13.0
5939483,"Ramipril Farmoz MG, 1,25 mg x 28 cáps...[28]",7.0,42.0,7.0,"5,29","79,35","2,29",54.11,1,1,2,,1,2,,3,2,2,1,,,15.0
5939889,"Ramipril Farmoz MG, 5 mg x 56 cáps...[56]",12.0,42.0,12.0,"6,68","220,44","2,53",59.85,3,,1,3,3,3,5,1,2,1,7,4,,33.0
5337332,"Ramipril Krka MG, 10 mg x 60 comp...[60]",2.0,42.0,2.0,"12,55","426,70","4,38",63.01,3,2,3,2,2,3,5,3,3,2,2,4,,34.0
5337068,"Ramipril Krka MG, 1.25 mg Blister 60 Unidade(s) Comp...[60]",6.0,42.0,6.0,"5,63","298,39","2,07",61.03,2,4,3,4,2,6,7,8,3,4,4,3,3,53.0
5337159,"Ramipril Krka MG, 2,5 mg x 60 comp...[60]",0.0,42.0,0.0,"6,35","317,50","2,38",60.27,2,5,1,7,5,6,11,8,5,,,,,50.0
5337241,"Ramipril Krka MG, 5 mg x 60 comp...[60]",14.0,42.0,14.0,"5,04","317,52","1,81",61.93,3,5,4,6,3,9,13,5,9,3,1,2,,63.0
5154786,"Ramipril Ratiopharm MG, 5 mg x 50 comp...[50]",2.0,42.0,2.0,"11,70","304,20","8,38",24.08,3,1,,4,4,,2,2,2,3,3,2,,26.0
5885264,"Ramipril Romace MG, 1.25 mg Blister 56 Unidade(s) Caps...[56]",2.0,42.0,2.0,"5,50","110,00","2,40",53.75,,,,,,2,1,1,2,1,3,10,,20.0
5885322,"Ramipril Romace MG, 2.5 mg Blister 56 Unidade(s) Caps...[56]",0.0,42.0,0.0,"6,64","119,52","3,01",51.95,,,,,,1,1,1,1,1,4,9,,18.0
5885363,"Ramipril Romace MG, 5 mg Blister 56 Unidade(s) Caps...[56]",6.0,42.0,6.0,"6,32","75,84","2,83",52.53,,,,,,,,3,1,3,2,3,,12.0
5602701,"Ramipril Sandoz MG, 10 mg x 60 comp...[60]",8.0,42.0,8.0,"15,57","202,41","4,06",72.36,,,,,,,1,4,1,3,,4,,13.0
5666987,"Ramipril Sandoz MG, 10 mg x 60 comp...[60]",0.0,42.0,0.0,"15,57","249,12","4,06",72.36,2,2,3,4,4,1,,,,,,,,16.0
5602669,"Ramipril Sandoz MG, 2,5 mg x 60 comp...[60]",9.0,42.0,9.0,"9,19","294,08","2,61",69.9,,,,,,,2,3,4,10,6,7,,32.0
5667183,"Ramipril Sandoz MG, 2,5 mg x 60 comp...[60]",0.0,42.0,0.0,"9,19","202,18","2,56",70.47,2,6,7,4,3,,,,,,,,,22.0
5602677,"Ramipril Sandoz MG, 5 mg x 60 comp...[60]",7.0,42.0,7.0,"8,59","240,52","2,38",70.63,,,,,,,,1,5,6,12,4,,28.0
5667381,"Ramipril Sandoz MG, 5 mg x 60 comp...[60]",0.0,42.0,0.0,"8,59","420,91","2,35",71.0,14,4,9,10,8,4,,,,,,,,49.0
5033923,"Ramipril ToLife MG, 10 mg x 56 cáps...[56]",2.0,42.0,2.0,"14,10","169,20","5,86",55.95,1,2,2,2,1,1,1,,1,,1,,,12.0
5033139,"Ramipril ToLife MG, 2,5 mg x 56 cáps...[56]",2.0,42.0,2.0,"6,68","86,84","3,39",46.21,1,2,,,,4,,1,,4,1,,,13.0
5033840,"Ramipril ToLife MG, 5 mg x 56 cáps...[56]",6.0,42.0,6.0,"9,97","378,86","4,33",53.96,2,2,2,3,6,,4,7,2,4,6,,,38.0
5328786,"Ramipril/Hidroclorotiazida Sandoz MG, 5 mg + 25 mg Blister 56 Unidade(s) Comp...[56]",6.0,42.0,6.0,"9,26","361,14","2,60",70.24,2,5,1,4,3,3,3,4,2,2,4,5,1,39.0
5872627,"Ranolazina Tolife MG, 375 mg Blister 30 Unidade(s) Comp LP...[30]",2.0,42.0,2.0,"16,98","50,94","6,25",60.98,,,1,2,,,,,,,,,,3.0
5872858,"Ranolazina Tolife MG, 500 mg Blister 30 Unidade(s) Comp LP...[30]",2.0,42.0,2.0,"16,98","33,96","6,25",60.98,,,,,,,,1,1,,,,,2.0
5712765,"Rasagilina Ciclum MG, 1 mg x 30 comp...[30]",1.0,42.0,1.0,"28,87","317,57","18,54",31.93,2,3,1,1,2,1,,,,,,1,,11.0
5894035,"Rasagilina Pharmakern MG, 1 mg Blister 28 Unidade(s) Comp...[28]",2.0,42.0,2.0,"24,31","364,65","12,47",45.63,,,,,,1,2,3,2,2,2,3,,15.0
5796875,"Redict MG, 0.5 mg + 0.4 mg Frasco 30 Unidade(s) Caps...[30]",28.0,42.0,28.0,"9,68","2.662,00","6,82",25.32,19,22,24,28,19,20,20,26,22,26,21,24,4,275.0
5207048,"Risedronato de sódio Sandoz MG, 35 mg x 4 comp rev...[4]",2.0,42.0,2.0,"9,51","66,57","2,68",70.13,,,,,,,,2,2,,3,,,7.0
5814488,"Risperidona Generis MG, 0.5 mg x 60 comp rev...[60]",7.0,42.0,7.0,"5,32","244,72","3,46",31.06,7,6,2,3,5,1,2,5,3,4,3,4,1,46.0
5026117,"Risperidona Krka MG, 1 mg Blister 60 Unidade(s) Comp orodisp...[60]",4.0,42.0,4.0,"10,41","135,33","2,84",71.08,,3,2,1,,1,1,1,,1,1,2,,13.0
5026141,"Risperidona KRKA MG, 2 mg x 60 comp orodisp...[60]",2.0,42.0,2.0,"19,87","59,61","5,72",69.49,,,,1,,,,1,,1,,,,3.0
5002829,"Risperidona KRKA MG, 2 mg x 60 comp rev...[60]",2.0,42.0,2.0,"12,59","37,77","3,64",69.35,,,,,,,,,,,2,1,,3.0
5006044,"Risperidona Pharmakern MG, 1 mg/mL-30 mL x 1 sol oral frasco...[1]",4.0,42.0,4.0,"6,58","296,10","2,49",59.89,6,4,4,1,3,4,3,3,4,3,5,3,2,45.0
5858691,"Risperidona Ratiopharm MG, 0,5 mg x 60 comp orodisp...[60]",2.0,42.0,2.0,"5,32","10,64","3,82",23.89,,1,,,,,,,,,,1,,2.0
5330881,"Risperidona Sandoz MG, 1 mg x 60 comp rev...[60]",7.0,42.0,7.0,"9,97","498,50","2,88",69.38,5,3,4,6,5,4,4,4,3,4,4,4,,50.0
5331285,"Risperidona Sandoz MG, 2 mg x 60 comp rev...[60]",3.0,42.0,3.0,"13,17","329,25","4,21",66.12,2,4,4,2,,1,1,2,2,2,2,2,1,25.0
5331681,"Risperidona Sandoz MG, 3 mg x 60 comp rev...[60]",3.0,42.0,3.0,"18,44","18,44","6,34",63.56,,,,,,,1,,,,,,,1.0
5070925,"Risperidona toLife MG, 1 mg/mL-30 mL x 1 sol oral frasco...[1]",2.0,42.0,2.0,"6,58","92,12","3,08",50.38,1,1,,2,2,,,1,3,1,2,,1,14.0
5310685,"Risperidona toLife 1 mg Comprimidos MG, 1 mg Blister 60 Unidade(s) Comp revest pelic...[60]",3.0,42.0,3.0,"9,97","99,70","4,24",54.92,1,1,2,,,,,2,2,,1,1,,10.0
5310982,"Risperidona toLife 4 mg Comprimidos MG, 4 mg Blister 60 Unidade(s) Comp revest pelic...[60]",5.0,42.0,5.0,"23,32","139,92","10,19",53.68,1,1,1,2,1,,,,,,,,,6.0
5843636,"Rivaroxabano Farmoz MG, 20 mg Blister 28 Unidade(s) Comp revest pelic...[28]",0.0,42.0,0.0,"18,61","93,05","3,87",77.96,,,,,,2,2,,1,,,,,5.0
5759147,"Rivaroxabano Generis MG, 10 mg x 30 comp rev...[30]",4.0,42.0,4.0,"24,86","397,76","6,45",72.5,,1,1,,,2,1,,2,3,4,2,,16.0
5759162,"Rivaroxabano Generis MG, 15 mg x 42 comp rev...[42]",3.0,42.0,3.0,"33,59","772,57","8,13",74.34,1,2,,6,2,2,3,1,3,2,,1,,23.0
5759170,"Rivaroxabano Generis MG, 20 mg x 28 comp rev...[28]",7.0,42.0,7.0,"24,09","891,33","6,21",72.67,6,6,3,3,,1,2,5,1,3,3,4,,37.0
5807938,"Rivaroxabano Krka MG, 10 mg Blister 30 Unidade(s) Comp revest pelic...[30]",1.0,42.0,1.0,"14,10","14,10","4,25",68.05,,,,,,,,1,,,,,,1.0
5807979,"Rivaroxabano Krka MG, 15 mg Blister 42 Unidade(s) Comp revest pelic...[42]",5.0,42.0,5.0,"19,07","95,35","5,56",69.09,,,,,,,,,,1,2,2,,5.0
5808001,"Rivaroxabano Krka MG, 20 mg Blister 28 Unidade(s) Comp revest pelic...[28]",4.0,42.0,4.0,"14,02","112,16","4,22",68.09,,,,,,,2,1,1,1,2,1,,8.0
5843461,"Rivaroxabano Pentafarma MG, 10 mg Blister 30 Unidade(s) Comp revest pelic...[30]",3.0,42.0,3.0,"24,86","99,44","6,75",71.22,,,,,,,1,,1,2,,,,4.0
5843545,"Rivaroxabano Pentafarma MG, 20 mg Blister 28 Unidade(s) Comp revest pelic...[28]",3.0,42.0,3.0,"24,09","168,63","5,33",76.55,,,,,,,,,1,2,2,2,,7.0
5853148,"Rivaroxabano Pentafarma MG, 2.5 mg Blister 56 Unidade(s) Comp revest pelic...[56]",0.0,42.0,0.0,"18,86","169,74","5,01",71.84,,,,,,,,2,2,1,1,3,,9.0
5815709,"Rivaroxabano Ratiopharm MG, 15 mg Blister 14 Unidade(s) Comp revest pelic...[14]",0.0,42.0,0.0,"16,27","48,81","10,68",30.42,,1,,1,1,,,,,,,,,3.0
5815642,"Rivaroxabano Ratiopharm MG, 2.5 mg Blister 56 Unidade(s) Comp revest pelic...[56]",0.0,42.0,0.0,"26,05","52,10","19,30",21.47,1,,,,,,,,,,,1,,2.0
5858725,"Rivaroxabano Sandoz MG, 15 mg Blister 42 Unidade(s) Comp revest pelic...[42]",1.0,42.0,1.0,"22,26","178,08","6,36",69.71,,,,,,1,1,,1,2,1,2,,8.0
5858733,"Rivaroxabano Sandoz MG, 20 mg Blister 28 Unidade(s) Comp revest pelic...[28]",14.0,42.0,14.0,"16,36","1.243,36","3,58",76.8,6,9,5,4,7,3,6,6,11,1,8,9,1,76.0
5830070,"Rivaroxabano Stada MG, 20 mg Blister 28 Unidade(s) Comp revest pelic...[28]",0.0,42.0,0.0,"25,36","101,44","3,33",86.08,,2,,,,,2,,,,,,,4.0
5861422,"Rivaroxabano toLife MG, 20 mg Blister 28 Unidade(s) Comp revest pelic...[28]",2.0,42.0,2.0,"12,85","38,55","3,61",70.22,,,,,,,,,,1,,2,,3.0
5848221,"Rivaroxabano Viatris MG, 10 mg Blister em dose unitária 30 Unidade(s) Comp revest pelic...[30]",1.0,42.0,1.0,"26,17","183,19","7,82",68.33,2,,1,2,2,,,,,,,,,7.0
5848247,"Rivaroxabano Viatris MG, 20 mg Blister em dose unitária 28 Unidade(s) Comp revest pelic...[28]",0.0,42.0,0.0,"25,36","253,60","7,54",68.48,2,1,1,2,1,1,,2,,,,,,10.0
5848205,"Rivaroxabano Viatris MG, 2.5 mg Blister em dose unitária 56 Unidade(s) Comp revest pelic...[56]",0.0,42.0,0.0,"31,57","252,56","8,45",71.63,2,,1,1,1,2,1,,,,,,,8.0
5799812,"Rivaroxabano Zentiva MG, 15 mg Blister 42 Unidade(s) Caps...[42]",2.0,42.0,2.0,"26,50","185,50","9,40",62.4,1,1,1,1,,,,1,,1,,1,,7.0
5800354,"Rivaroxabano Zentiva MG, 15 mg Blister 42 Unidade(s) Comp revest pelic...[42]",1.0,42.0,1.0,"39,90","279,30","8,59",77.18,,,,3,1,1,,1,,,,1,,7.0
5800404,"Rivaroxabano Zentiva MG, 20 mg Blister 28 Unidade(s) Comp revest pelic...[28]",10.0,42.0,10.0,"25,36","887,60","6,61",72.37,2,4,2,3,2,5,,2,3,4,4,4,,35.0
5558713,"Rivastigmina Aurobindo MG, 6 mg x 56 cáps...[56]",3.0,42.0,3.0,"26,91","161,46","13,07",48.52,1,1,1,2,1,,,,,,,,,6.0
5800149,"Rivastigmina Generis MG, 13.3 mg/24 h 30 Saqueta Adesivo transder...[30]",2.0,42.0,2.0,"37,81","945,25","22,56",36.75,2,1,1,2,2,2,2,2,4,2,2,2,1,25.0
5550033,"Rivastigmina Pentafarma MG, 4,6 mg/24 h x 30 sist transder...[30]",4.0,42.0,4.0,"36,43","619,31","19,23",44.05,,2,2,2,3,2,1,1,1,1,1,1,,17.0
5550124,"Rivastigmina Pentafarma MG, 9.5 mg/24 h Saqueta 30 Unidade(s) Adesivo transder...[30]",4.0,42.0,4.0,"41,54","1.163,12","20,08",48.76,5,6,4,2,3,1,3,2,,,1,,1,28.0
5826110,"Rivastigmina Teva MG, 13.3 mg/24 h 30 Saqueta Adesivo transder...[30]",0.0,42.0,0.0,"39,80","398,00","28,25",24.76,1,3,,,1,1,1,1,1,1,,,,10.0
5242813,"Rivastigmina ToLife MG, 1,5 mg x 28 cáps...[28]",4.0,42.0,4.0,"12,97","376,13","5,68",53.58,2,2,2,3,4,2,3,2,2,3,2,2,,29.0
5800842,"Rivastigmina Zentiva MG, 4.6 mg/24 h 30 Saqueta Adesivo transder...[30]",8.0,42.0,8.0,"31,95","670,95","19,21",36.27,3,2,,2,1,,4,1,3,3,2,,,21.0
5800859,"Rivastigmina Zentiva MG, 9.5 mg/24 h 30 Saqueta Adesivo transder...[30]",17.0,42.0,17.0,"32,14","2.442,64","19,32",36.28,9,5,5,8,8,4,5,6,6,4,12,4,,76.0
5864905,"Robaxisal Duo MG, 380 mg + 300 mg Blister 50 Unidade(s) Comp...[50]",20.0,42.0,20.0,"9,66","405,72","6,29",30.98,3,,1,4,4,2,4,4,5,11,1,3,,42.0
5244744,"Ropinirol Generis Phar MG, 1 mg x 84 comp rev...[84]",3.0,42.0,3.0,"17,83","160,47","9,66",42.57,1,1,1,,3,,,1,,,,2,,9.0
5340922,"Ropinirol Krka MG, 2 mg x 28 comp lib prol...[28]",4.0,42.0,4.0,"9,55","181,45","2,77",69.25,,,,,,3,1,2,3,4,3,3,,19.0
5397930,"Ropinirol KrKa MG, 4 mg Blister 84 Unidade(s) Comp LP...[84]",3.0,42.0,3.0,"43,05","430,50","12,91",68.21,1,1,,1,1,,1,1,1,1,1,1,,10.0
5397948,"Ropinirol Krka MG, 8 mg x 84 comp lib prol...[84]",2.0,42.0,2.0,"74,98","449,88","23,66",66.55,,1,,,1,,1,1,,1,1,,,6.0
5080916,"Ropinirol Mylan MG, 0,5 mg x 84 comp rev...[84]",2.0,42.0,2.0,"11,66","139,92","4,76",56.73,1,,,2,2,2,2,,2,1,,,,12.0
5132733,"Ropinirol Mylan MG, 1 mg x 21 comp rev...[21]",2.0,42.0,2.0,"4,89","88,02","3,54",23.26,2,2,1,2,1,2,1,1,3,,1,2,,18.0
5679063,"Rosuvastatina Aurovitas MG, 10 mg Blister 60 Unidade(s) Comp revest pelic...[60]",4.0,42.0,4.0,"9,84","78,72","2,45",73.61,,,,,,,2,1,1,1,2,1,,8.0
5679071,"Rosuvastatina Aurovitas MG, 20 mg Blister 30 Unidade(s) Comp revest pelic...[30]",8.0,42.0,8.0,"8,12","113,68","1,92",74.94,,,,,,,2,2,,2,1,6,1,14.0
5705066,"Rosuvastatina Farmoz MG, 10 mg Blister 60 Unidade(s) Comp revest pelic...[60]",6.0,42.0,6.0,"12,59","503,60","3,96",66.66,2,4,2,2,4,3,,5,3,4,3,8,,40.0
5705074,"Rosuvastatina Farmoz MG, 20 mg Blister 30 Unidade(s) Comp revest pelic...[30]",8.0,42.0,8.0,"9,22","433,34","2,73",68.61,6,7,4,10,1,2,1,2,1,4,4,5,,47.0
5705033,"Rosuvastatina Farmoz MG, 5 mg Blister 60 Unidade(s) Comp revest pelic...[60]",3.0,42.0,3.0,"8,98","233,48","2,76",67.42,1,1,3,1,2,1,2,4,1,1,3,4,2,26.0
5718317,"Rosuvastatina Generis MG, 10 mg Blister 60 Unidade(s) Comp revest pelic...[60]",1.0,42.0,1.0,"14,10","126,90","3,55",73.31,,,3,,,,,,,3,,2,1,9.0
5888532,"Rosuvastatina Generis MG, 40 mg Blister 30 Unidade(s) Comp revest pelic...[30]",4.0,42.0,4.0,"12,66","189,90","7,04",41.06,,,1,1,2,2,2,,3,3,,1,,15.0
5665427,"Rosuvastatina Mylan MG, 10 mg Blister 56 Unidade(s) Comp revest pelic...[56]",1.0,42.0,1.0,"15,91","15,91","4,18",72.15,,,1,,,,,,,,,,,1.0
5701958,"Rosuvastatina Mylan MG, 20 mg Blister 30 Unidade(s) Comp revest pelic...[30]",0.0,42.0,0.0,"13,30","26,60","3,77",69.95,,1,,,1,,,,,,,,,2.0
5706130,"Rosuvastatina Pentafarma MG, 20 mg Blister 30 Unidade(s) Comp revest pelic...[30]",0.0,42.0,0.0,"11,99","83,93","3,72",67.11,1,1,,3,,,,,,2,,,,7.0
5291406,"Rosuvastatina Sandoz MG, 10 mg Blister 60 Unidade(s) Comp revest pelic...[60]",7.0,42.0,7.0,"14,10","1.325,40","4,09",69.25,15,6,7,2,11,4,9,4,8,9,10,9,,94.0
5697974,"Rosuvastatina Sandoz MG, 20 mg Blister 30 Unidade(s) Comp revest pelic...[30]",8.0,42.0,8.0,"12,87","2.355,21","3,63",70.1,19,15,9,16,15,13,8,18,14,17,17,20,2,183.0
5291364,"Rosuvastatina Sandoz MG, 5 mg Blister 60 Unidade(s) Comp revest pelic...[60]",9.0,42.0,9.0,"12,13","363,90","3,40",70.29,3,4,4,1,2,2,3,1,3,4,1,2,,30.0
5726633,"Rosuvastatina TAD MG, 10 mg Blister 60 Unidade(s) Comp revest pelic...[60]",13.0,42.0,13.0,"9,82","569,56","2,86",69.13,4,4,7,4,5,5,6,2,4,7,8,2,,58.0
5726641,"Rosuvastatina TAD MG, 20 mg Blister 30 Unidade(s) Comp revest pelic...[30]",15.0,42.0,15.0,"8,12","1.144,92","2,25",70.63,14,13,11,8,15,10,10,11,10,13,10,11,5,141.0
5726625,"Rosuvastatina TAD MG, 5 mg Blister 60 Unidade(s) Comp revest pelic...[60]",5.0,42.0,5.0,"7,94","190,56","2,18",70.9,,1,1,1,4,1,3,2,3,3,2,2,1,24.0
5714308,"Rosuvastatina Tecnigen MG, 10 mg Blister 60 Unidade(s) Comp revest pelic...[60]",14.0,42.0,14.0,"9,84","826,56","4,20",54.76,10,12,1,13,5,5,4,5,7,7,4,11,,84.0
5714324,"Rosuvastatina Tecnigen MG, 20 mg Blister 30 Unidade(s) Comp revest pelic...[30]",21.0,42.0,21.0,"8,08","961,52","3,34",56.18,4,16,16,10,9,7,9,8,7,8,12,12,1,119.0
5714258,"Rosuvastatina Tecnigen MG, 5 mg Blister 60 Unidade(s) Comp revest pelic...[60]",7.0,42.0,7.0,"7,68","199,68","3,03",58.18,3,2,4,3,2,1,1,3,3,1,2,1,,26.0
5715677,"Rosuvastatina Tecnilor MG, 10 mg Blister 60 Unidade(s) Comp revest pelic...[60]",1.0,42.0,1.0,"9,75","117,00","4,94",46.29,1,1,,1,,2,,1,4,,,2,,12.0
5715719,"Rosuvastatina Tecnilor MG, 20 mg Blister 30 Unidade(s) Comp revest pelic...[30]",6.0,42.0,6.0,"6,68","841,68","3,81",39.54,12,12,11,12,10,5,9,8,11,11,14,10,1,126.0
5665971,"Rosuvastatina Teva MG, 10 mg Blister 60 Unidade(s) Comp revest pelic...[60]",1.0,42.0,1.0,"9,84","78,72","6,92",25.46,1,,2,2,,1,,1,,,,1,,8.0
5666078,"Rosuvastatina Teva MG, 20 mg Blister 30 Unidade(s) Comp revest pelic...[30]",1.0,42.0,1.0,"8,12","24,36","5,41",29.38,,1,,1,,,,,,,,1,,3.0
5665930,"Rosuvastatina Teva MG, 5 mg Blister 60 Unidade(s) Comp revest pelic...[60]",1.0,42.0,1.0,"6,68","73,48","5,03",20.18,,1,1,1,1,,,2,,3,1,1,,11.0
5702949,"Rosuvastatina toLife MG, 10 mg Blister 60 Unidade(s) Comp revest pelic...[60]",1.0,42.0,1.0,"14,10","98,70","5,40",59.4,1,1,2,1,,,,,1,,,1,,7.0
5702964,"Rosuvastatina toLife MG, 20 mg Blister 30 Unidade(s) Comp revest pelic...[30]",3.0,42.0,3.0,"9,97","229,31","3,75",60.13,3,1,1,2,1,1,3,4,3,1,1,1,1,23.0
5664065,"Rosuvastatina Zentiva MG, 40 mg Blister 30 Unidade(s) Comp revest pelic...[30]",8.0,42.0,8.0,"16,06","433,62","9,49",37.36,6,3,1,2,4,1,2,3,1,2,1,1,,27.0
5325741,"Rovinex MG,5 mg Blister 7 Unidade(s) Comp revest pelic...[7]",0.0,42.0,0.0,"6,65","6,65","4,55",27.47,,,,,,,,1,,,,,,1.0
5859871,"Rubifen Retard MG, 10 mg Blister 30 Unidade(s) Caps LM...[30]",0.0,42.0,0.0,"5,21","36,47","4,02",18.21,,,,,,,1,4,1,1,,,,7.0
5859905,"Rubifen Retard MG, 20 mg Blister 30 Unidade(s) Caps LM...[30]",0.0,42.0,0.0,"9,97","19,94","7,04",25.15,,,,,1,,,1,,,,,,2.0
5859921,"Rubifen Retard MG, 40 mg Blister 30 Unidade(s) Caps LM...[30]",0.0,42.0,0.0,"16,30","16,30","10,71",30.35,,,,1,,,,,,,,,,1.0
5755558,"Rupatadina Farmoz MG, 10 mg x 20 comp...[20]",4.0,42.0,4.0,"4,92","54,12","1,76",62.08,,,,,1,,1,6,1,,,2,,11.0
5732920,"Rupatadina Generis MG, 10 mg x 20 comp...[20]",4.0,42.0,4.0,"5,19","46,71","1,88",61.6,,,,,,,,,2,4,2,1,,9.0
5696026,"Rupatadina Mylan MG, 10 mg x 20 comp...[20]",0.0,42.0,0.0,"5,46","10,92","1,99",61.37,,,,,,,,,,,,1,1,2.0
5191762,"Salbutamol Sandoz MG (200 doses), 100 mcg/dose x 1 susp press inal...[1]",0.0,42.0,0.0,"2,95","2,95","1,91",31.37,,,,1,,,,,,,,,,1.0
5890736,"Sekitocil MG, 3.54 mg/ml Frasco 200 ml Xar...[1]",20.0,42.0,20.0,"10,85","184,45","4,43",56.72,,,,,3,4,6,2,2,,,,,17.0
3540788,"Selegilina Generis MG, 5 mg Blister 60 Unidade(s) Comp...[60]",2.0,42.0,2.0,"9,97","39,88","7,04",25.15,,2,,1,,,,,,,1,,,4.0
5308697,"Sertralina Aserta MG, 100 mg Blister 60 Unidade(s) Comp revest pelic...[60]",3.0,42.0,3.0,"9,97","109,67","3,54",62.36,,3,1,,1,1,2,,1,,2,,,11.0
5308093,"Sertralina Aserta MG, 50 mg Blister 60 Unidade(s) Comp revest pelic...[60]",7.0,42.0,7.0,"6,68","193,72","2,32",63.19,2,7,2,4,2,2,1,3,1,2,1,2,,29.0
5031729,"Sertralina Aurobindo MG, 50 mg Blister 56 Unidade(s) Comp revest pelic...[56]",9.0,42.0,9.0,"4,10","164,00","1,40",63.8,2,3,,,3,2,3,2,5,8,8,4,,40.0
5005764,"Sertralina Azevedos MG, 50 mg Blister 56 Unidade(s) Comp revest pelic...[56]",2.0,42.0,2.0,"4,11","94,53","2,33",39.91,1,3,2,,2,1,4,4,2,2,2,,,23.0
5307491,"Sertralina Farmoz MG, 100 mg Blister 60 Unidade(s) Comp revest pelic...[60]",23.0,42.0,23.0,"6,68","1.102,20","3,34",47.0,8,13,22,10,16,17,8,15,12,10,18,13,3,165.0
5306394,"Sertralina Farmoz MG, 50 mg Blister 10 Unidade(s) Comp revest pelic...[10]",0.0,42.0,0.0,"3,84","3,84","2,85",21.33,1,,,,,,,,,,,,,1.0
5306899,"Sertralina Farmoz MG, 50 mg Blister 60 Unidade(s) Comp revest pelic...[60]",50.0,42.0,50.0,"4,39","1.057,99","1,82",56.05,23,17,16,20,21,17,25,26,15,20,25,15,1,241.0
5740840,"Sertralina Generis MG, 100 mg Blister 56 Unidade(s) Comp revest pelic...[56]",4.0,42.0,4.0,"9,97","149,55","2,84",69.81,,2,,2,,1,1,,1,3,3,2,,15.0
5740824,"Sertralina Generis MG, 50 mg Blister 56 Unidade(s) Comp revest pelic...[56]",36.0,42.0,36.0,"6,68","1.456,24","1,78",71.75,,14,19,13,21,22,21,15,22,19,26,25,1,218.0
4884888,"Sertralina Generis Phar MG, 50 mg Blister 56 Unidade(s) Comp revest pelic...[56]",0.0,42.0,0.0,"6,68","287,24","1,79",71.6,38,4,1,,,,,,,,,,,43.0
5415989,"Sertralina Pharmakern MG, 50 mg Blister 56 Unidade(s) Comp revest pelic...[56]",0.0,42.0,0.0,"6,67","73,37","4,04",35.8,3,1,2,3,1,1,,,,,,,,11.0
5247481,"Sertralina Sandoz MG, 100 mg Blister 60 Unidade(s) Comp revest pelic...[60]",5.0,42.0,5.0,"9,97","1.914,24","3,01",68.0,25,15,4,21,16,12,14,18,19,16,16,13,3,192.0
5247184,"Sertralina Sandoz MG, 50 mg Blister 60 Unidade(s) Comp revest pelic...[60]",9.0,42.0,9.0,"6,68","1.329,32","2,07",67.15,20,13,26,22,18,20,14,18,7,13,15,13,,199.0
5036025,"Sertralina toLife MG, 100 mg Blister 56 Unidade(s) Comp revest pelic...[56]",8.0,42.0,8.0,"9,97","199,40","3,89",58.64,1,,,,,,3,6,2,4,1,3,,20.0
5035977,"Sertralina toLife MG, 50 mg Blister 56 Unidade(s) Comp revest pelic...[56]",14.0,42.0,14.0,"6,68","153,64","2,67",57.63,,,,,,2,1,1,2,4,10,3,,23.0
4741989,"Sertralina Zentiva MG, 100 mg Blister 56 Unidade(s) Comp revest pelic...[56]",7.0,42.0,7.0,"7,90","150,10","3,63",51.29,4,,2,3,,,1,,1,,4,4,,19.0
4740783,"Sertralina Zentiva MG, 50 mg Blister 56 Unidade(s) Comp revest pelic...[56]",10.0,42.0,10.0,"6,68","267,20","2,54",59.69,5,4,2,4,2,4,7,,2,3,4,3,,40.0
5466305,"Sibilla MG, 2 mg + 0.03 mg Blister 63 Unidade(s) Comp revest pelic...[63]",2.0,42.0,2.0,"11,59","254,98","6,55",40.09,2,,,4,1,1,6,3,1,,1,3,,22.0
5672951,"Sildenafil Aurovitas MG, 25 mg x 4 comp rev...[4]",2.0,42.0,2.0,"16,48","16,48","6,01",61.34,,,,,,,1,,,,,,,1.0
5450655,"Sildenafil Baldacci MG, 50 mg x 12 comp mast...[12]",1.0,42.0,1.0,"35,50","248,50","24,43",27.05,1,,,2,1,1,,,1,,,1,,7.0
5781612,"Sildenafil Desay MG, 50 mg Blister 4 Unidade(s) Comp revest pelic...[4]",1.0,42.0,1.0,"16,90","50,70","7,42",53.46,,,,,,,,1,1,,,1,,3.0
5781620,"Sildenafil Desay MG, 50 mg Blister 8 Unidade(s) Comp revest pelic...[8]",2.0,42.0,2.0,"29,50","29,50","12,95",53.47,,,,,,,,1,,,,,,1.0
5205265,"Sildenafil Farmoz MG, 100 mg x 12 comp rev...[12]",1.0,42.0,1.0,"49,32","197,28","14,79",68.21,,,1,,1,1,,,1,,,,,4.0
5205216,"Sildenafil Farmoz MG, 50 mg x 12 comp rev...[12]",0.0,42.0,0.0,"37,80","75,60","9,88",72.29,,,1,,,,,,,,1,,,2.0
5211362,"Sildenafil Krka MG, 100 mg x 4 comp rev...[4]",5.0,42.0,5.0,"21,53","21,53","5,15",74.64,,1,,,,,,,,,,,,1.0
5211313,"Sildenafil Krka MG, 50 mg x 4 comp rev...[4]",4.0,42.0,4.0,"18,62","74,48","4,59",73.87,,,1,,2,,,,,,1,,,4.0
5203278,"Sildenafil Pentafarma MG, 100 mg x 12 comp rev...[12]",0.0,42.0,0.0,"45,00","45,00","13,25",68.79,,,,,,,1,,,,,,,1.0
5242516,"Sildenafil Sandoz MG, 25 mg x 4 comp...[4]",0.0,42.0,0.0,"16,42","32,84","4,36",71.85,,,,,,,,,,,,2,,2.0
5242540,"Sildenafil Sandoz MG, 50 mg x 4 comp...[4]",3.0,42.0,3.0,"18,62","74,48","5,15",70.68,,,,,1,1,,2,,,,,,4.0
5242557,"Sildenafil Sandoz MG, 50 mg x 8 comp...[8]",2.0,42.0,2.0,"34,00","34,00","9,32",70.94,,,,1,,,,,,,,,,1.0
5255500,"Sildenafil Teva MG, 50 mg x 8 comp rev...[8]",1.0,42.0,1.0,"22,98","91,92","16,60",23.43,,,,,1,1,,,1,1,,,,4.0
5832951,"Sildenafil Zentiva MG, 100 mg Blister 12 Unidade(s) Comp revest pelic...[12]",0.0,42.0,0.0,"45,00","135,00","19,72",53.55,,,,,,,1,1,,1,,,,3.0
5832944,"Sildenafil Zentiva MG, 50 mg Blister 12 Unidade(s) Comp revest pelic...[12]",0.0,42.0,0.0,"35,00","35,00","14,45",56.24,,,,,,1,,,,,,,,1.0
5773932,"Silodosina Ciclum MG, 8 mg Blister 30 Unidade(s) Caps...[30]",0.0,42.0,0.0,"6,68","80,16","5,39",14.47,2,1,2,1,1,1,1,1,1,,1,,,12.0
5769138,"Silodosina Mylan MG, 4 mg Blister 30 Unidade(s) Caps...[30]",2.0,42.0,2.0,"6,68","53,44","2,03",67.79,4,,,2,,2,,,,,,,,8.0
5769146,"Silodosina Mylan MG, 8 mg Blister 30 Unidade(s) Caps...[30]",5.0,42.0,5.0,"9,96","557,76","2,84",69.78,2,5,7,4,7,3,4,5,1,7,5,5,1,56.0
5771431,"Silodosina toLife MG, 4 mg x 30 cáps...[30]",4.0,42.0,4.0,"6,51","45,57","3,43",44.15,,,,,,,1,2,,2,,2,,7.0
5771449,"Silodosina toLife MG, 8 mg x 30 cáps...[30]",2.0,42.0,2.0,"8,09","72,81","3,78",50.47,,,,,,4,1,1,,,,2,1,9.0
5762760,"Sinvastatina + Ezetimiba Aurovitas MG, 40/10 mg x 28 comp...[28]",4.0,42.0,4.0,"11,39","159,46","3,86",64.08,,1,,2,,2,1,2,,3,2,1,,14.0
5756556,"Sinvastatina + Ezetimiba toLife MG, 40/10 mg x 28 comp...[28]",0.0,42.0,0.0,"11,45","11,45","4,13",61.77,,,1,,,,,,,,,,,1.0
4012381,"Sinvastatina Alter MG, 20 mg Blister 60 Unidade(s) Comp revest pelic...[60]",1.0,42.0,1.0,"5,26","47,34","3,78",23.83,,1,,1,1,1,1,1,1,1,,1,,9.0
5338561,"Sinvastatina Aurobindo MG, 20 mg Blister 60 Unidade(s) Comp revest pelic...[60]",4.0,42.0,4.0,"4,59","68,85","1,45",66.51,1,1,1,,2,2,,1,3,1,,3,,15.0
5338611,"Sinvastatina Aurobindo MG, 40 mg Blister 60 Unidade(s) Comp revest pelic...[60]",2.0,42.0,2.0,"9,25","55,50","2,91",66.65,2,1,1,,,,,1,,,,1,,6.0
4207494,"Sinvastatina Farmoz MG, 20 mg Blister 60 Unidade(s) Comp revest pelic...[60]",5.0,42.0,5.0,"6,68","153,64","2,28",63.82,1,3,2,6,,3,1,2,,2,2,1,,23.0
5472394,"Sinvastatina Farmoz MG, 40 mg Blister 60 Unidade(s) Comp revest pelic...[60]",1.0,42.0,1.0,"10,68","42,72","3,19",68.34,1,,1,1,,,,,1,,,,,4.0
5740907,"Sinvastatina Generis MG, 20 mg Blister 60 Unidade(s) Comp revest pelic...[60]",3.0,42.0,3.0,"9,97","89,73","2,84",69.81,1,,,2,,,1,2,,1,,2,,9.0
5999487,"Sinvastatina Sandoz MG, 10 mg Blister 60 Unidade(s) Comp revest pelic...[60]",3.0,42.0,3.0,"2,98","95,36","1,36",51.62,2,4,3,2,3,2,,5,1,3,4,3,,32.0
5999586,"Sinvastatina Sandoz MG, 20 mg Blister 60 Unidade(s) Comp revest pelic...[60]",17.0,42.0,17.0,"6,68","835,00","1,54",75.56,10,8,12,8,10,7,13,9,10,9,15,11,3,125.0
5999685,"Sinvastatina Sandoz MG, 40 mg Blister 60 Unidade(s) Comp revest pelic...[60]",10.0,42.0,10.0,"15,85","412,10","4,19",71.98,1,2,,4,3,2,1,2,3,1,5,2,,26.0
4207395,"Sinvastatina Tecnigen MG, 20 mg Blister 60 Unidade(s) Comp revest...[60]",19.0,42.0,19.0,"5,23","428,86","2,61",47.1,7,4,10,5,11,5,10,4,8,5,8,5,,82.0
5423793,"Sinvastatina Tecnigen MG, 40 mg Blister 60 Unidade(s) Comp revest...[60]",4.0,42.0,4.0,"9,25","129,50","4,81",44.88,2,1,3,,2,1,1,2,,2,,,,14.0
5077797,"Sinvastatina Tetrafarma MG, 40 mg Blister 60 Unidade(s) Comp revest pelic...[60]",1.0,42.0,1.0,"18,96","18,96","13,05",27.04,,,,,,,,,,,,1,,1.0
5071501,"Sinvastatina Teva MG, 20 mg Blister 60 Unidade(s) Comp revest pelic...[60]",1.0,42.0,1.0,"4,25","8,50","3,08",23.18,,,,,1,,,,1,,,,,2.0
4898581,"Sinvastatina toLife 20 mg comprimidos revestidos MG, 20 mg Blister 60 Unidade(s) Comp revest pelic...[60]",16.0,42.0,16.0,"6,68","514,36","2,57",59.22,4,10,5,9,6,5,6,8,2,10,4,7,1,77.0
4028486,"Sinvastatina Zentiva MG, 20 mg Blister 60 Unidade(s) Comp revest pelic...[60]",2.0,42.0,2.0,"6,68","40,08","2,50",60.33,,1,,,2,1,,1,,1,,,,6.0
5755970,"Sinvastatina/Ezetimiba Farmoz MG, 20 mg + 10 mg Blister 28 Unidade(s) Comp...[28]",5.0,42.0,5.0,"11,92","119,20","4,10",63.54,1,1,,2,,1,,2,,1,2,,,10.0
5762661,"Sinvastatina/Ezetimiba Generis MG, 20/10 mg x 28 comp...[28]",4.0,42.0,4.0,"11,92","83,44","3,29",70.74,,,,,,1,1,,2,,,3,,7.0
5711841,"Sinvastatina/Ezetimiba Krka MG, 20 mg + 10 mg Blister 28 Unidade(s) Comp...[28]",4.0,42.0,4.0,"21,18","338,88","13,47",32.59,1,2,,2,1,4,,3,1,,1,1,,16.0
5709530,"Sinvastatina/Ezetimiba Sandoz MG, 10 mg + 10 mg Blister 28 Unidade(s) Comp...[28]",0.0,42.0,0.0,"23,24","23,24","8,46",61.41,,,,,,,1,,,,,,,1.0
5749734,"Sitagliptina Alter MG, 100 mg x 28 comp rev...[28]",0.0,42.0,0.0,"14,10","42,30","10,05",24.45,,2,,1,,,,,,,,,,3.0
5872379,"Sitagliptina Farmoz MG, 50 mg Blister 28 Unidade(s) Comp revest pelic...[28]",0.0,42.0,0.0,"8,65","8,65","2,66",67.4,1,,,,,,,,,,,,,1.0
5828124,"Sitagliptina Generis MG, 100 mg Blister 28 Unidade(s) Comp revest pelic...[28]",10.0,42.0,10.0,"13,74","494,64","4,90",62.2,6,2,,,2,,,2,3,5,8,8,,36.0
5806369,"Sitagliptina Krka MG, 100 mg Blister 28 Unidade(s) Comp revest pelic...[28]",12.0,42.0,12.0,"18,86","1.037,30","5,38",69.76,5,5,5,4,4,3,3,6,4,6,5,5,,55.0
5806328,"Sitagliptina Krka MG, 25 mg Blister 28 Unidade(s) Comp revest pelic...[28]",3.0,42.0,3.0,"7,96","135,32","2,18",70.97,1,2,1,1,2,2,3,2,,1,1,1,,17.0
5817515,"Sitagliptina Mylan MG, 100 mg Blister 28 Unidade(s) Comp revest pelic...[28]",0.0,42.0,0.0,"14,10","14,10","10,97",17.53,,,1,,,,,,,,,,,1.0
5817507,"Sitagliptina Mylan MG, 50 mg Blister 28 Unidade(s) Comp revest pelic...[28]",1.0,42.0,1.0,"8,65","51,90","2,37",70.96,,1,1,,,1,1,,,1,1,,,6.0
5814744,"Sitagliptina Sandoz MG, 100 mg Blister 28 Unidade(s) Comp revest pelic...[28]",0.0,42.0,0.0,"20,91","1.003,68","6,62",66.44,7,7,4,9,3,5,4,7,2,,,,,48.0
5814736,"Sitagliptina Sandoz MG, 50 mg Blister 28 Unidade(s) Comp revest pelic...[28]",4.0,42.0,4.0,"11,69","829,99","3,59",67.45,6,3,6,2,10,6,7,6,4,5,5,11,,71.0
5821806,"Sitagliptina ToLife MG, 100 mg Blister 28 Unidade(s) Comp revest pelic...[28]",2.0,42.0,2.0,"16,15","193,80","5,32",65.08,1,1,,1,2,1,2,2,2,,,,,12.0
5821756,"Sitagliptina ToLife MG, 50 mg Blister 28 Unidade(s) Comp revest pelic...[28]",2.0,42.0,2.0,"9,61","172,98","3,39",62.61,2,3,1,3,2,,1,2,1,2,,1,,18.0
4282984,"Sivales MG, 20 mg Blister 60 Unidade(s) Comp revest...[60]",11.0,42.0,11.0,"4,46","240,84","2,01",52.23,5,6,5,,3,6,7,4,,6,4,8,,54.0
5655147,"Solax MG, 667 mg/ml Frasco 200 ml Xar...[1]",0.0,42.0,0.0,"6,35","19,05","3,54",40.91,1,,1,,,,1,,,,,,,3.0
5735923,"Solifenacina Pentafarma MG, 10 mg x 30 comp rev...[30]",1.0,42.0,1.0,"12,91","25,82","6,05",50.33,,1,,,,,,,,,1,,,2.0
5735907,"Solifenacina Pentafarma MG, 5 mg x 30 comp rev...[30]",2.0,42.0,2.0,"6,68","140,28","3,39",46.21,1,1,,3,1,,3,1,3,2,2,3,1,21.0
5834726,"Solifenacina/Tansulosina Pentafarma MG, 6 mg + 0.4 mg Blister 30 Unidade(s) Comp LM...[30]",13.0,42.0,13.0,"9,90","851,40","4,69",49.78,5,5,6,7,6,5,8,7,12,6,9,6,4,86.0
5829825,"Solifenacina/Tansulosina Pharmakern MG, 6 mg + 0.4 mg Blister 30 Unidade(s) Comp LM...[30]",1.0,42.0,1.0,"8,33","8,33","3,93",49.99,,,,,,,,,,,,1,,1.0
5036298,"Sucralfato Generis MG, 1000 mg/5 ml Saqueta 20 Unidade(s) Susp oral...[20]",6.0,42.0,6.0,"5,95","166,60","4,39",21.79,1,4,2,2,2,4,1,2,1,3,1,3,2,28.0
5036397,"Sucralfato Generis MG, 1000 mg/5 ml Saqueta 60 Unidade(s) Susp oral...[60]",4.0,42.0,4.0,"12,15","109,35","8,35",27.15,,,2,,1,1,1,1,,1,,2,,9.0
5722566,"Sumamed MG, 500 mg Blister 3 Unidade(s) Comp disp...[3]",3.0,42.0,3.0,"3,82","129,88","2,52",30.07,1,5,3,3,,4,11,,1,3,,3,,34.0
5718606,"Tadalafil Alter MG, 20 mg x 4 comp rev...[4]",0.0,42.0,0.0,"14,10","183,30","10,05",24.45,,2,,2,,1,2,,,,2,2,2,13.0
5869250,"Tadalafil Alter MG, 5 mg Blister 28 Unidade(s) Comp orodisp...[28]",0.0,42.0,0.0,"56,63","56,63","43,18",19.18,,,,,,,,,1,,,,,1.0
5739651,"Tadalafil Farmoz MG, 5 mg Blister 28 Unidade(s) Comp revest pelic...[28]",1.0,42.0,1.0,"40,03","80,06","11,47",69.63,,,1,,,,,,,1,,,,2.0
5711809,"Tadalafil Krka MG, 10 mg x 4 comp rev...[4]",1.0,42.0,1.0,"23,44","164,08","9,50",57.04,,2,1,2,1,,,,,,1,,,7.0
5711817,"Tadalafil Krka MG, 20 mg x 4 comp rev...[4]",4.0,42.0,4.0,"23,44","351,60","6,74",69.52,,1,1,2,2,,1,,1,2,2,3,,15.0
5711775,"Tadalafil Krka MG, 5 mg x 28 comp rev...[28]",6.0,42.0,6.0,"43,53","914,13","13,07",68.17,5,1,,3,2,,3,1,1,1,3,1,,21.0
5742655,"Tadalafil Sandoz MG, 20 mg Blister 12 Unidade(s) Comp revest pelic...[12]",0.0,42.0,0.0,"56,85","739,05","46,38",13.52,2,6,2,2,,1,,,,,,,,13.0
5898473,"Tadalafil Sandoz MG, 20 mg Blister 12 Unidade(s) Comp revest pelic...[12]",1.0,42.0,1.0,"56,85","454,80","17,48",67.41,,,,,3,1,,1,2,,,1,,8.0
5698162,"Tadalafil Sandoz MG, 20 mg x 4 comp rev...[4]",5.0,42.0,5.0,"19,54","136,78","5,47",70.33,2,,2,2,,,,,,1,,,,7.0
5698048,"Tadalafil Sandoz MG, 5 mg Blister 28 Unidade(s) Comp revest pelic...[28]",0.0,42.0,0.0,"43,53","87,06","12,72",69.03,,,,,,1,1,,,,,,,2.0
5868476,"Tadalafil Stada MG, 5 mg Blister em dose unitária 28 Unidade(s) Comp revest pelic...[28]",1.0,42.0,1.0,"30,65","950,15","20,14",30.35,3,2,1,4,4,1,3,4,2,3,3,1,,31.0
5739149,"Tadalafil Tecnigen MG, 5 mg x 28 comp rev...[28]",2.0,42.0,2.0,"34,28","411,36","11,74",63.7,,,1,1,,2,,2,,2,2,2,,12.0
5878830,"Tadalafil Teva MG, 5 mg Blister 28 Unidade(s) Comp revest pelic...[28]",2.0,42.0,2.0,"32,65","979,50","21,90",28.9,,2,1,2,3,2,2,1,3,4,6,4,,30.0
5718507,"Tadalafil toLife MG, 10 mg x 12 comp rev...[12]",4.0,42.0,4.0,"47,00","235,00","22,38",49.53,,,2,,,,,2,,,,1,,5.0
5718531,"Tadalafil toLife MG, 20 mg x 12 comp rev...[12]",5.0,42.0,5.0,"47,00","752,00","17,41",60.73,1,,1,,2,2,1,3,2,1,2,1,,16.0
5872601,"Tadalafil Venxal MG, 5 mg Blister 28 Unidade(s) Comp orodisp...[28]",0.0,42.0,0.0,"56,63","113,26","43,19",19.16,2,,,,,,,,,,,,,2.0
5695366,"Tafixyl MG, 500 mg Blister 30 Unidade(s) Comp revest pelic...[30]",1.0,42.0,1.0,"9,41","65,87","6,55",26.22,3,1,,,,,1,,,,,2,,7.0
4065595,"Tamoxifeno Farmoz 20 mg Comprimidos MG, 20 mg Blister 60 Unidade(s) Comp...[60]",2.0,42.0,2.0,"16,73","150,57","11,08",29.8,2,1,,,,1,1,1,2,1,,,,9.0
5895792,"Tansulosina Amperlem MG, 0.4 mg Blister 10 Unidade(s) Caps LP...[10]",0.0,42.0,0.0,"4,42","4,42","2,48",40.52,,,,1,,,,,,,,,,1.0
5895990,"Tansulosina Amperlem MG, 0.4 mg Blister 30 Unidade(s) Caps LP...[30]",0.0,42.0,0.0,"6,68","340,68","2,97",52.87,5,4,3,1,6,3,9,7,7,2,3,1,,51.0
5349238,"Tansulosina Krka MG, 0.4 mg Blister 30 Unidade(s) Comp LP...[30]",8.0,42.0,8.0,"6,02","108,36","1,85",67.43,2,2,,1,1,,1,1,2,2,1,4,1,18.0
5228085,"Tansulosina Mepha 0,4 mg Cápsulas duras de libertação prolongada MG, 0.4 mg Blister 30 Unidade(s) Caps LP...[30]",1.0,42.0,1.0,"5,09","45,81","3,64",24.2,,2,,,,1,1,2,1,,1,1,,9.0
5813191,"Tansulosina Reliva 0,4 mg Cápsulas de libertação prolongada MG, 0.4 mg Blister 30 Unidade(s) Caps LP...[30]",9.0,42.0,9.0,"5,09","147,61","1,49",68.97,3,2,5,2,2,2,4,1,2,1,2,3,,29.0
5643887,"Tansulosina Sandoz MG, 0.4 mg Blister 30 Unidade(s) Caps LP...[30]",9.0,42.0,9.0,"6,48","2.870,64","1,97",67.77,45,39,39,38,39,31,31,31,39,37,30,40,4,443.0
5395322,"Tansulosina Sandoz MG, 0.4 mg Blister 30 Unidade(s) Comp LP...[30]",7.0,42.0,7.0,"4,13","384,09","1,42",63.55,4,11,7,11,3,10,5,4,9,8,9,11,1,93.0
5886247,"Tansulosina toLife MG, 0.4 mg Blister 30 Unidade(s) Caps LM...[30]",11.0,42.0,11.0,"6,68","60,12","4,09",35.1,,,,,,,,,,4,,4,1,9.0
5637889,"Tansulosina Viatris Pharma MG, 0.4 mg Blister 10 Unidade(s) Caps LP...[10]",1.0,42.0,1.0,"4,01","32,08","2,70",28.63,,1,1,,1,,,2,2,,1,,,8.0
5644489,"Tansulosina Viatris Pharma MG, 0.4 mg Blister 30 Unidade(s) Caps LP...[30]",2.0,42.0,2.0,"4,87","696,41","1,73",62.34,10,15,18,22,9,13,7,14,12,8,8,7,,143.0
5712815,"Tansulosina Zentiva MG, 0.4 mg Blister 30 Unidade(s) Caps LM...[30]",8.0,42.0,8.0,"6,02","72,24","2,24",60.56,1,,,2,1,1,1,1,,2,2,1,,12.0
5850128,"Tapentadol Ciclum MG, 100 mg Blister em dose unitária 30 Unidade(s) Comp LP...[30]",0.0,42.0,0.0,"17,32","17,32","11,61",28.95,,,,,,,,1,,,,,,1.0
5850102,"Tapentadol Ciclum MG, 50 mg Blister em dose unitária 20 Unidade(s) Comp LP...[20]",2.0,42.0,2.0,"6,16","252,56","4,57",21.36,1,5,4,2,3,3,3,3,3,7,4,3,,41.0
5850169,"Tapentadol Ciclum MG, 50 mg Blister em dose unitária 30 Unidade(s) Comp LP...[30]",2.0,42.0,2.0,"9,32","167,76","6,47",26.41,,4,,2,,2,2,2,,2,4,,,18.0
5919022,"Tapentadol Farmoz MG, 100 mg Blister 30 Unidade(s) Comp LP...[30]",1.0,42.0,1.0,"15,62","46,86","5,59",62.07,,,,,,,,,,,2,1,,3.0
5919030,"Tapentadol Farmoz MG, 150 mg Blister 30 Unidade(s) Comp LP...[30]",2.0,42.0,2.0,"21,82","43,64","8,60",58.22,,,,,,,,,,,1,1,,2.0
5919006,"Tapentadol Farmoz MG, 50 mg Blister 20 Unidade(s) Comp LP...[20]",2.0,42.0,2.0,"5,54","11,08","3,63",30.55,,,,,,,,,,,,2,,2.0
5919014,"Tapentadol Farmoz MG, 50 mg Blister 30 Unidade(s) Comp LP...[30]",4.0,42.0,4.0,"8,40","33,60","3,13",60.5,,,,,,,,,,,4,,,4.0
5852504,"Tapentadol Generis MG, 100 mg Blister 30 Unidade(s) Comp LP...[30]",2.0,42.0,2.0,"19,20","115,20","9,31",48.6,,,1,1,1,,,1,,1,1,,,6.0
5852876,"Tapentadol Generis MG, 200 mg Blister 30 Unidade(s) Comp LP...[30]",3.0,42.0,3.0,"31,77","95,31","14,83",50.52,,,,,,,,,1,2,,,,3.0
5824024,"Tapentadol Krka MG, 100 mg Frasco 30 Unidade(s) Comp LP...[30]",18.0,42.0,18.0,"19,20","1.785,60","8,64",52.3,4,5,7,8,3,8,16,7,10,8,10,7,,93.0
5824032,"Tapentadol Krka MG, 150 mg Frasco 30 Unidade(s) Comp LP...[30]",5.0,42.0,5.0,"26,80","804,00","13,01",48.54,1,4,4,4,,2,1,3,1,3,3,3,1,30.0
5824040,"Tapentadol Krka MG, 200 mg Frasco 30 Unidade(s) Comp LP...[30]",2.0,42.0,2.0,"31,77","603,63","13,78",54.02,2,2,1,,3,4,2,1,1,,1,2,,19.0
5824057,"Tapentadol Krka MG, 250 mg Frasco 30 Unidade(s) Comp LP...[30]",2.0,42.0,2.0,"38,84","38,84","21,94",40.12,,,1,,,,,,,,,,,1.0
5824016,"Tapentadol Krka MG, 50 mg Frasco 30 Unidade(s) Comp LP...[30]",25.0,42.0,25.0,"9,97","1.964,09","4,59",51.2,23,20,14,22,24,14,14,13,22,14,9,7,1,197.0
5849617,"Tapentadol Mylan MG, 150 mg Blister 30 Unidade(s) Comp LP...[30]",1.0,42.0,1.0,"26,80","294,80","14,00",44.63,,,1,1,1,,1,3,3,,,1,,11.0
5440656,"Telmisartan Farmoz MG, 40 mg x 28 comp...[28]",0.0,42.0,0.0,"6,30","31,50","2,36",60.29,,1,1,,1,1,,,1,,,,,5.0
5440664,"Telmisartan Farmoz MG, 80 mg x 28 comp...[28]",6.0,42.0,6.0,"6,68","73,48","2,54",59.69,1,,,,,,,,,7,1,2,,11.0
5341235,"Telmisartan Sandoz MG, 20 mg x 28 comp...[28]",1.0,42.0,1.0,"4,78","28,68","1,70",62.3,2,1,1,,,1,,,,,,1,,6.0
5341268,"Telmisartan Sandoz MG, 40 mg x 28 comp...[28]",4.0,42.0,4.0,"3,91","195,50","1,17",68.28,4,9,1,7,5,6,3,1,4,1,3,4,2,50.0
5341300,"Telmisartan Sandoz MG, 80 mg x 28 comp...[28]",4.0,42.0,4.0,"4,58","146,56","1,64",62.04,1,6,3,4,5,2,6,1,3,1,,,,32.0
5573035,"Telmisartan/Hidroclorotiazida Farmoz MG, 40 mg + 12.5 mg Blister 28 Unidade(s) Comp...[28]",4.0,42.0,4.0,"6,62","19,86","3,03",51.48,,,1,,,,,,,,2,,,3.0
5573068,"Telmisartan/Hidroclorotiazida Farmoz MG, 80 mg + 12.5 mg Blister 28 Unidade(s) Comp...[28]",4.0,42.0,4.0,"9,37","252,99","3,93",55.54,2,4,,1,1,3,3,3,,4,3,3,,27.0
5573100,"Telmisartan/Hidroclorotiazida Farmoz MG, 80 mg + 25 mg Blister 28 Unidade(s) Comp...[28]",6.0,42.0,6.0,"9,53","476,50","4,01",55.4,3,,3,6,2,5,6,1,2,2,15,5,,50.0
5555552,"Telmisartan/Hidroclorotiazida Ratiopharm MG, 80 mg + 12.5 mg Blister 28 Unidade(s) Comp...[28]",1.0,42.0,1.0,"9,97","99,70","7,04",25.15,,,,1,2,2,,,2,1,1,1,,10.0
5579503,"Telmisartan/Hidroclorotiazida Zentiva MG, 80 mg + 12.5 mg Blister 28 Unidade(s) Comp...[28]",1.0,42.0,1.0,"6,68","20,04","2,54",59.69,1,,,,,,,,1,,,1,,3.0
5399787,"Terbinafina Generis MG, 10 mg/g-15 g x 1 creme bisnaga...[1]",3.0,42.0,3.0,"4,65","13,95","1,93",56.0,,,,,,,,1,2,,,,,3.0
5392980,"Terbinafina Mylan MG, 250 mg x 28 comp...[28]",1.0,42.0,1.0,"9,73","145,95","4,11",55.23,,4,1,1,1,3,1,2,,1,,1,,15.0
5435284,"Terbinafina Sandoz MG, 250 mg x 28 comp...[28]",3.0,42.0,3.0,"9,83","835,55","3,87",58.27,11,5,6,7,8,5,5,4,5,9,9,11,,85.0
5373030,"Tianeptina Generis MG, 12,5 mg x 60 comp rev...[60]",5.0,42.0,5.0,"9,01","234,26","4,96",41.65,2,1,3,3,4,1,5,,2,2,3,,,26.0
5051651,"Tiaprida Generis MG, 100 mg x 60 comp...[60]",5.0,42.0,5.0,"5,76","86,40","4,23",22.16,1,,2,1,2,2,1,1,1,,3,1,,15.0
5394531,"Tibolona Zentiva MG, 2,5 mg x 28 comp...[28]",8.0,42.0,8.0,"8,81","185,01","5,91",28.89,1,4,1,2,1,,1,,2,4,,5,,21.0
5849336,"Ticagrelor Pentafarma MG, 90 mg Blister 56 Unidade(s) Comp revest pelic...[56]",2.0,42.0,2.0,"24,78","520,38","9,14",60.9,,,1,2,3,1,3,1,2,2,2,4,,21.0
5854732,"Ticagrelor Sandoz MG, 90 mg Blister 56 Unidade(s) Comp revest pelic...[56]",1.0,42.0,1.0,"37,40","224,40","13,77",60.97,,2,1,1,1,,,1,,,,,,6.0
4423992,"Ticlopidina ToLife 250 mg Comprimidos MG, 250 mg Blister 60 Unidade(s) Comp revest...[60]",4.0,42.0,4.0,"9,97","209,37","4,59",51.2,3,3,1,2,1,1,2,1,1,4,,2,,21.0
5602560,"Tiocolquicosido Generis MG, 4 mg x 30 comp...[30]",1.0,42.0,1.0,"6,68","53,44","5,03",20.18,1,1,,1,,1,1,,1,1,,1,,8.0
5067517,"Tizanidina Teva MG, 2 mg x 50 comp...[50]",1.0,42.0,1.0,"5,04","105,84","3,64",23.44,2,6,2,,,1,4,1,1,1,1,2,,21.0
5554472,"Tolucombi MG, 40 mg + 12.5 mg Blister 28 Unidade(s) Comp...[28]",15.0,42.0,15.0,"8,56","599,20","2,92",63.84,8,5,7,9,4,8,4,2,7,3,6,7,,70.0
5554522,"Tolucombi MG, 80/12,5 mg x 28 comp...[28]",8.0,42.0,8.0,"11,62","336,98","3,96",63.88,4,3,2,2,4,3,,2,3,1,2,3,,29.0
5554555,"Tolucombi MG, 80/25 mg x 28 comp...[28]",10.0,42.0,10.0,"11,62","232,40","3,96",63.88,3,,3,4,1,2,1,2,,2,1,1,,20.0
5303516,"Tolura MG, 40 mg x 28 comp...[28]",6.0,42.0,6.0,"5,09","101,80","1,83",61.89,2,3,2,,1,,,3,1,3,2,3,,20.0
5303540,"Tolura MG, 80 mg x 28 comp...[28]",3.0,42.0,3.0,"6,03","72,36","2,58",54.65,,1,,2,4,,1,1,,1,1,1,,12.0
5566104,"Topiramato Ciclum MG, 50 mg x 60 comp rev...[60]",2.0,42.0,2.0,"9,97","119,64","7,04",25.15,1,1,3,1,,,,2,1,1,2,,,12.0
5078274,"Topiramato Farmoz MG, 200 mg x 60 comp rev...[60]",1.0,42.0,1.0,"35,48","177,40","14,70",56.08,,,,,,,1,1,1,,1,1,,5.0
5078217,"Topiramato Farmoz MG, 25 mg x 60 comp rev...[60]",0.0,42.0,0.0,"5,92","5,92","4,71",15.67,1,,,,,,,,,,,,,1.0
5857883,"Topiramato toLife 100 mg Comprimidos MG, 100 mg Blister 60 Unidade(s) Comp revest pelic...[60]",4.0,42.0,4.0,"19,50","448,50","8,15",55.7,1,3,1,3,1,2,2,,3,,3,2,2,23.0
5857081,"Topiramato toLife 25 mg Comprimidos MG, 25 mg Blister 60 Unidade(s) Comp revest pelic...[60]",11.0,42.0,11.0,"6,68","367,40","3,17",49.7,2,5,,5,4,6,4,6,6,3,7,6,1,55.0
5857487,"Topiramato toLife 50 mg Comprimidos MG, 50 mg Blister 60 Unidade(s) Comp revest pelic...[60]",13.0,42.0,13.0,"16,10","660,10","6,35",58.19,2,1,1,3,1,5,4,3,7,5,1,8,,41.0
5078357,"Topiramato Tomix MG, 100 mg x 60 comp rev...[60]",0.0,42.0,0.0,"18,85","18,85","6,51",63.39,,,,,1,,,,,,,,,1.0
5078332,"Topiramato Tomix MG, 50 mg x 60 comp rev...[60]",0.0,42.0,0.0,"15,83","15,83","5,53",62.97,,,,,,,,1,,,,,,1.0
5856901,"Tosef MG, 4 mg Blister 28 Unidade(s) Comp LP...[28]",1.0,42.0,1.0,"11,66","46,64","7,91",28.09,1,,,,,,,,1,1,,1,,4.0
5856976,"Tosef MG, 8 mg Blister 28 Unidade(s) Comp LP...[28]",1.0,42.0,1.0,"16,30","97,80","10,71",30.35,2,1,1,,1,1,,,,,,,,6.0
5901012,"Tramadol + Dexcetoprofeno Krka MG, 75 mg + 25 mg Blister 20 Unidade(s) Comp revest pelic...[20]",9.0,42.0,9.0,"6,68","40,08","2,53",59.85,,,,,,,,1,,2,1,1,1,6.0
2668986,"Tramadol Ciclum MG, 100 mg/mL x 1 sol oral gta...[1]",1.0,42.0,1.0,"3,76","3,76","2,47",30.37,,,1,,,,,,,,,,,1.0
5736327,"Tramadol Krka MG, 50 mg x 20 cáps...[20]",10.0,42.0,10.0,"2,87","120,54","1,10",59.37,3,1,1,6,3,2,4,5,2,5,3,7,,42.0
5463310,"Tramadol Mylan MG, 100 mg x 30 comp lib prol...[30]",0.0,42.0,0.0,"6,32","120,08","2,83",52.53,2,5,5,2,,2,1,2,,,,,,19.0
5463336,"Tramadol Mylan MG, 150 mg x 20 comp lib prol...[20]",0.0,42.0,0.0,"6,35","6,35","5,09",15.03,,,,,,,1,,,,,,,1.0
5463377,"Tramadol Mylan MG, 200 mg x 30 comp lib prol...[30]",1.0,42.0,1.0,"9,06","63,42","3,75",56.13,2,1,2,1,,,,,1,,,,,7.0
5760111,"Tramadol TAD MG, 100 mg x 30 comp lib prol...[30]",5.0,42.0,5.0,"5,21","41,68","3,74",23.91,,,,,,,,2,5,,1,,,8.0
5760152,"Tramadol TAD MG, 200 mg x 30 comp lib prol...[30]",1.0,42.0,1.0,"8,12","8,12","5,41",29.38,,,,,,,,,1,,,,,1.0
5669759,"Tramadol/Paracetamol Aristo MG, 37.5 mg + 325 mg Recipiente para comprimidos 20 Unidade(s) Comp eferv...[20]",1.0,42.0,1.0,"3,99","19,95","2,45",34.91,,2,1,,2,,,,,,,,,5.0
5456009,"Tramadol/Paracetamol Farmoz MG, 37.5 mg + 325 mg Blister 20 Unidade(s) Comp...[20]",29.0,42.0,29.0,"3,98","409,94","1,08",71.24,11,7,10,3,4,5,7,15,18,7,9,7,,103.0
5164769,"Tramadol/Paracetamol Generis MG, 37.5 mg + 325 mg Blister 20 Unidade(s) Comp revest pelic...[20]",10.0,42.0,10.0,"3,98","226,86","1,22",67.51,4,8,7,5,2,2,,3,8,4,8,6,,57.0
5164926,"Tramadol/Paracetamol Krka MG, 37.5 mg + 325 mg Blister 20 Unidade(s) Comp revest pelic...[20]",65.0,42.0,65.0,"3,98","1.400,96","1,11",70.44,20,36,24,17,34,29,25,32,20,31,32,49,3,352.0
5343553,"Tramadol/Paracetamol Pharmakern MG, 37.5 mg + 325 mg Blister 20 Unidade(s) Comp revest pelic...[20]",0.0,42.0,0.0,"2,02","10,10","0,86",54.87,,1,,1,,,,,,,3,,,5.0
5488671,"Tramadol/Paracetamol toLife MG, 37.5 mg + 325 mg Blister 20 Unidade(s) Comp...[20]",1.0,42.0,1.0,"1,90","305,90","0,08",95.54,23,12,31,10,22,10,9,13,14,14,3,,,161.0
5088927,"Trazodona Generis MG, 100 mg Blister 60 Unidade(s) Comp...[60]",10.0,42.0,10.0,"6,20","427,80","3,69",36.91,5,4,3,5,7,3,9,10,4,6,6,6,1,69.0
5089008,"Trazodona Generis MG, 150 mg Blister 60 Unidade(s) Comp...[60]",2.0,42.0,2.0,"9,65","115,80","5,75",36.84,,1,1,1,,,1,2,2,,2,1,1,12.0
5090535,"Trazodona Ratiopharm MG, 150 mg Blister 20 Unidade(s) Comp...[20]",0.0,42.0,0.0,"3,57","3,57","2,30",31.71,,,,,1,,,,,,,,,1.0
5090543,"Trazodona Ratiopharm MG, 150 mg Blister 60 Unidade(s) Comp...[60]",1.0,42.0,1.0,"8,64","43,20","5,87",27.98,1,,2,,,,1,,,,1,,,5.0
5824602,"Trifeduo MG, 200 mg + 500 mg Blister 20 Unidade(s) Comp revest pelic...[20]",19.0,42.0,19.0,"8,95","179,00","3,76",55.47,3,3,2,5,,,2,2,2,1,,,,20.0
5019146,"Triflusal Generis MG, 300 mg x 60 cáps...[60]",2.0,42.0,2.0,"9,97","29,91","5,99",36.31,,,,,,,,1,,1,1,,,3.0
5215827,"Triflusal Mylan MG, 300 mg x 60 cáps...[60]",0.0,42.0,0.0,"9,97","29,91","7,04",25.15,,1,,1,,1,,,,,,,,3.0
4747580,"Trimetazidina Generis MG, 20 mg x 60 comp rev...[60]",2.0,42.0,2.0,"5,23","52,30","3,20",35.14,1,,1,1,1,,1,1,1,1,1,1,,10.0
5763990,"Unilan MG, 0.25 mg Blister 60 Unidade(s) Comp...[60]",4.0,42.0,4.0,"4,28","59,92","2,44",39.57,,1,,1,2,3,,,4,,2,1,,14.0
5763891,"Unilan MG, 0.5 mg Blister 60 Unidade(s) Comp...[60]",3.0,42.0,3.0,"4,29","55,77","2,45",39.46,,1,1,3,1,1,1,,2,,1,2,,13.0
5763792,"Unilan MG, 1 mg Blister 60 Unidade(s) Comp...[60]",9.0,42.0,9.0,"6,65","192,85","4,17",33.53,1,1,3,2,2,4,3,2,4,4,1,1,1,29.0
5785605,"Unisol MG, 0.5 mg + 0.4 mg Frasco 30 Unidade(s) Caps...[30]",2.0,42.0,2.0,"9,97","229,31","7,04",25.15,2,2,1,4,1,4,1,3,1,2,2,,,23.0
5220934,"Valaciclovir Arpedex MG, 1000 mg x 21 comp rev...[21]",2.0,42.0,2.0,"24,57","221,13","11,49",50.43,1,2,1,1,,1,,,,1,1,,1,9.0
5220900,"Valaciclovir Arpedex MG, 500 mg x 24 comp rev...[24]",1.0,42.0,1.0,"21,56","237,16","10,90",46.41,,,,,1,2,1,1,1,2,1,2,,11.0
5221130,"Valaciclovir Pentafarma MG, 1000 mg x 21 comp rev...[21]",3.0,42.0,3.0,"21,73","478,06","10,40",49.27,3,3,4,1,1,1,,,3,1,4,1,,22.0
5446752,"Valsartan + Hidroclorotiazida Farmoz MG, 160/25 mg x 28 comp rev...[28]",6.0,42.0,6.0,"5,41","124,43","2,63",48.47,,2,,5,,3,3,2,1,,4,3,,23.0
5446729,"Valsartan + Hidroclorotiazida Farmoz MG, 80/12,5 mg x 56 comp rev...[56]",6.0,42.0,6.0,"9,69","397,29","4,56",50.12,6,5,7,5,2,7,,3,2,1,1,2,,41.0
5466115,"Valsartan + Hidroclorotiazida Mylan MG, 160/12,5 mg x 56 comp rev...[56]",0.0,42.0,0.0,"9,37","121,81","5,22",40.95,,,,,,2,7,,,,2,2,,13.0
5466131,"Valsartan + Hidroclorotiazida Mylan MG, 160/25 mg x 28 comp rev...[28]",2.0,42.0,2.0,"4,78","43,02","2,70",40.13,2,,2,,,3,2,,,,,,,9.0
5136940,"Valsartan Alter MG, 80 mg x 28 comp rev...[28]",1.0,42.0,1.0,"4,14","8,28","2,81",28.05,,,,,,,1,1,,,,,,2.0
5445325,"Valsartan Baldacci MG, 80 mg x 56 comp rev...[56]",1.0,42.0,1.0,"12,36","173,04","8,53",26.85,1,2,3,1,,,,1,2,2,1,1,,14.0
5445432,"Valsartan Farmoz MG, 160 mg x 56 comp rev...[56]",11.0,42.0,11.0,"11,02","694,26","4,94",52.48,8,5,8,3,5,4,5,2,9,2,4,7,1,63.0
5407374,"Valsartan Mylan MG, 40 mg x 28 comp rev...[28]",2.0,42.0,2.0,"3,01","69,23","1,81",36.26,,,1,2,2,3,2,1,4,2,5,1,,23.0
5444153,"Valsartan Tetrafarma MG, 80 mg x 56 comp rev...[56]",0.0,42.0,0.0,"12,84","12,84","8,95",26.11,,,,,,1,,,,,,,,1.0
5464441,"Valsartan toLife MG, 40 mg x 28 comp rev...[28]",0.0,42.0,0.0,"3,90","3,90","2,59",29.61,1,,,,,,,,,,,,,1.0
5446745,"Valsartan/Hidroclorotiazida Farmoz MG, 160 mg + 12.5 mg Blister 56 Unidade(s) Comp revest pelic...[56]",15.0,42.0,15.0,"9,97","797,60","4,73",49.71,10,11,6,5,10,5,,3,8,8,6,7,1,80.0
5751664,"Valsartan/Hidroclorotiazida Generis MG, 80 mg + 12.5 mg Blister 56 Unidade(s) Comp revest pelic...[56]",3.0,42.0,3.0,"8,91","71,28","3,37",59.91,,,,,,,1,2,1,2,1,1,,8.0
5446927,"Valsartan/Hidroclorotiazida Pentafarma MG, 320 mg + 12.5 mg Blister 28 Unidade(s) Comp revest pelic...[28]",10.0,42.0,10.0,"11,95","657,25","5,48",51.39,4,6,4,3,6,4,6,3,5,6,4,4,,55.0
5446943,"Valsartan/Hidroclorotiazida Pentafarma MG, 320 mg + 25 mg Blister 28 Unidade(s) Comp revest pelic...[28]",3.0,42.0,3.0,"16,65","233,10","7,40",52.89,2,,2,2,,2,,2,,1,2,1,,14.0
5763057,"Vardenafil Farmoz MG, 20 mg x 4 comp rev...[4]",2.0,42.0,2.0,"26,39","79,17","9,85",60.44,1,,,,,,,1,,1,,,,3.0
5724562,"Vardenafil toLife MG, 10 mg x 4 comp orodisp...[4]",1.0,42.0,1.0,"13,62","27,24","6,76",47.39,1,,,,,,,,,,,1,,2.0
5724554,"Vardenafil toLife MG, 20 mg x 4 comp rev...[4]",2.0,42.0,2.0,"26,39","501,41","13,95",43.97,1,1,,1,,11,,3,,1,,1,,19.0
5687348,"Venlafaxina Aurovitas MG, 150 mg Blister 30 Unidade(s) Caps LP...[30]",3.0,42.0,3.0,"9,58","105,38","2,70",70.13,,,,,1,1,1,,,1,4,2,1,11.0
5735774,"Venlafaxina Ciclum MG, 225 mg x 30 cáps lib prol...[30]",1.0,42.0,1.0,"13,19","342,94","9,26",25.58,3,2,2,2,2,2,2,3,3,2,1,2,,26.0
5719604,"Venlafaxina Generis MG, 150 mg Blister 30 Unidade(s) Caps LP...[30]",17.0,42.0,17.0,"9,97","568,29","2,84",69.81,,,,,10,11,,,2,7,19,5,3,57.0
5037536,"Venlafaxina Krka MG, 150 mg Blister 30 Unidade(s) Caps LP...[30]",13.0,42.0,13.0,"8,99","350,61","2,56",69.82,,,,,,1,10,11,9,2,,6,,39.0
5037429,"Venlafaxina Krka MG, 37.5 mg Blister 30 Unidade(s) Caps LP...[30]",7.0,42.0,7.0,"5,38","80,70","1,65",67.49,2,,4,2,,1,,,4,1,1,,,15.0
5037460,"Venlafaxina Krka MG, 75 mg Blister 30 Unidade(s) Caps LP...[30]",11.0,42.0,11.0,"7,85","345,40","2,15",70.97,6,,,3,4,5,4,3,5,4,6,4,,44.0
5169669,"Venlafaxina Mylan MG, 37,5 mg x 30 cáps lib prol...[30]",2.0,42.0,2.0,"6,01","84,14","2,23",60.67,,1,,2,1,3,1,1,1,1,2,1,,14.0
5169701,"Venlafaxina Mylan MG, 75 mg Blister 30 Unidade(s) Caps LP...[30]",0.0,42.0,0.0,"8,69","26,07","2,97",63.77,1,,,,,,,,1,,1,,,3.0
5692207,"Venlafaxina Ratiopharm MG, 225 mg Blister 30 Unidade(s) Caps LP...[30]",1.0,42.0,1.0,"13,89","250,02","9,87",24.68,,,1,2,1,1,2,2,2,,2,5,,18.0
5795679,"Venlafaxina Sandoz MG, 150 mg Blister 30 Unidade(s) Caps LP...[30]",0.0,42.0,0.0,"9,97","578,26","3,89",58.64,3,14,17,,,1,9,4,7,3,,,,58.0
5795703,"Venlafaxina Sandoz MG, 225 mg Blister 30 Unidade(s) Caps LP...[30]",4.0,42.0,4.0,"12,51","362,79","7,37",37.55,1,,3,1,3,2,4,2,2,5,3,3,,29.0
5124086,"Venlafaxina toLife 37.5 mg comprimidos MG, 37.5 mg Blister 10 Unidade(s) Comp revest pelic...[10]",0.0,42.0,0.0,"4,35","4,35","2,99",27.14,,,,,,1,,,,,,,,1.0
5124185,"Venlafaxina toLife 37.5 mg comprimidos MG, 37.5 mg Blister 60 Unidade(s) Comp revest pelic...[60]",2.0,42.0,2.0,"17,76","53,28","12,00",28.38,,,,,,1,,,,1,,1,,3.0
5124383,"Venlafaxina toLife 75 mg comprimidos MG, 75 mg Blister 60 Unidade(s) Comp revest pelic...[60]",3.0,42.0,3.0,"26,72","240,48","19,89",21.1,,1,,1,,,2,1,2,,2,,,9.0
5838222,"Vildagliptina Generis MG, 50 mg Blister 56 Unidade(s) Comp...[56]",0.0,42.0,0.0,"13,71","95,97","4,88",62.27,,,,,,,2,2,,2,1,,,7.0
5767264,"Vildagliptina Krka MG, 50 mg x 56 comp...[56]",0.0,42.0,0.0,"18,80","37,60","5,33",69.95,,,,,,1,,,,1,,,,2.0
5767231,"Vildagliptina Ratiopharm MG, 50 mg x 56 comp...[56]",0.0,42.0,0.0,"21,94","43,88","15,68",24.24,,,,,,,,,,,,2,,2.0
5819776,"Vildagliptina Sandoz MG, 50 mg Blister 56 Unidade(s) Comp...[56]",0.0,42.0,0.0,"14,10","267,90","6,15",53.77,4,1,1,1,2,2,1,,1,,2,4,,19.0
5822044,"Vildagliptina ToLife MG, 50 mg Blister 56 Unidade(s) Comp...[56]",4.0,42.0,4.0,"16,96","101,76","5,68",64.5,,,,,,,,1,2,1,,2,,6.0
2830685,"Vinpocetina Kern MG, 5 mg x 50 comp...[50]",1.0,42.0,1.0,"5,82","5,82","3,85",29.88,,,,,,,1,,,,,,,1.0
5710934,"Vitodê MG, 0,266 mg x 5 cáps mole...[5]",28.0,42.0,28.0,"4,80","724,80","3,38",25.36,9,12,11,7,10,15,14,15,13,14,13,14,4,151.0
5860341,"Xistab MG, 1.5 mg Blister 100 Unidade(s) Comp revest pelic...[100]",13.0,42.0,13.0,"91,82","734,56","50,85",41.3,,,1,1,1,1,,,2,,,2,,8.0
5765607,"Zafril MG, 2 mg x 28 comp...[28]",1.0,42.0,1.0,"13,95","27,90","9,92",24.62,,,,,1,,,,,,,1,,2.0
5857065,"Zenayr Allergo MG, 20 mg Blister 10 Unidade(s) Comp...[10]",0.0,42.0,0.0,"9,95","965,15","5,83",37.89,12,9,4,5,10,7,12,19,7,6,6,,,97.0
5857073,"Zenayr Allergo MG, 20 mg Blister 20 Unidade(s) Comp...[20]",0.0,42.0,0.0,"11,85","1.256,10","5,69",49.1,,6,16,22,12,7,22,17,4,,,,,106.0
5813563,"Zepacla MG, 0.5 mg Blister 50 Unidade(s) Comp...[50]",1.0,42.0,1.0,"2,57","12,85","1,43",41.02,,2,,1,1,1,,,,,,,,5.0
5596762,"Ziprasidona Ciclum MG, 80 mg x 56 cáps...[56]",0.0,42.0,0.0,"60,17","60,17","46,33",18.38,,1,,,,,,,,,,,,1.0
5274113,"Zolmitriptano Ciclum MG, 2,5 mg x 6 comp...[6]",1.0,42.0,1.0,"9,97","39,88","7,04",25.15,,2,,1,1,,,,,,,,,4.0
5361662,"Zolmitriptano Ciclum MG, 2,5 mg x 6 comp orodisp...[6]",0.0,42.0,0.0,"11,23","44,92","7,53",28.92,2,,1,1,,,,,,,,,,4.0
5277165,"Zolmitriptano Ciclum MG, 5 mg x 6 comp...[6]",1.0,42.0,1.0,"18,16","127,12","12,35",27.91,,,2,,,3,,,,2,,,,7.0
5374863,"Zolmitriptano Zentiva MG, 2,5 mg x 6 comp orodisp...[6]",2.0,42.0,2.0,"11,82","23,64","4,05",63.68,,,,,,,,,1,,1,,,2.0
5647904,"Zolpidem Aurovitas MG, 10 mg Blister 20 Unidade(s) Comp revest pelic...[20]",65.0,42.0,65.0,"3,53","998,99","1,83",45.05,20,15,26,20,23,19,23,33,14,45,27,15,3,283.0
5068788,"Zolpidem Sandoz MG, 10 mg Blister 14 Unidade(s) Comp revest pelic...[14]",6.0,42.0,6.0,"2,94","97,02","0,71",74.4,6,7,6,3,2,3,3,1,,1,1,,,33.0
3994688,"Zolpidem Teva MG, 10 mg Blister 20 Unidade(s) Comp revest pelic...[20]",25.0,42.0,25.0,"3,46","1.560,46","2,22",31.99,37,45,33,41,51,29,37,40,29,38,33,29,9,451.0
9193755,"Zurim MG, 300 mg Blister 60",16.0,42.0,16.0,"4,60","243,80","2,53",41.7,4,7,1,6,4,2,7,3,3,4,5,6,1,53.0
